ID,Smape,cpuTime
1000,0.334817314,0.05
1001,0.013386514,0.15
1002,0.509162729,0.09
1003,0.184961917,0.11
1004,0.236217264,0.08
1005,0.167444364,0.07
1006,0.202767583,0.09
1007,0.21448724,0.12
1008,0.173014143,0.11
1009,0.130940283,0.14
1010,0.297772045,0.08
1011,0.180579996,0.11
1013,0.275166902,0.07
1014,0.256010768,0.1
1015,0.12642393,0.08
1016,0.374831781,0.08
1017,0.242117224,0.16
1018,0.140966784,0.11
1019,0.316235564,0.04
1020,0.2366095,0.13
1021,0.550837252,0.08
1022,0.171320327,0.08
1023,0.328815798,0.08
1024,0.28688581,0.08
1025,0.303821598,0.09
1026,0.377374613,0.14
1027,0.258881122,0.13
1028,0.18842114,0.08
1029,0.19117482,0.09
1030,0.341727884,0.08
1031,0.099888988,0.12
1032,0.154179777,0.1
1033,0.148275048,0.08
1034,0.241243391,0.11
1035,0.166981321,0.06
1036,0.186981164,0.15
1037,0.238483427,0.08
1039,0.190293752,0.15
1041,0.508897072,0.1
1042,0.37307399,0.14
1043,0.241303631,0.17
1044,0.157566901,0.07
1045,0.532960343,0.08
1046,0.099336081,0.07
1047,0.321772911,0.13
1049,0.213176184,0.14
1050,0.351889204,0.12
1051,0.166887297,0.22
1052,0.239745066,0.24
1053,0.362673198,0.07
1054,0.253914813,0.06
1055,0.207083292,0.08
1056,0.368582705,0.1
1057,0.27305917,0.07
1058,0.210776767,0.19
1059,0.078803886,0.08
1060,0.445625802,0.11
1061,0.187904655,0.17
1062,0.062511221,0.24
1063,0.21582797,0.07
1064,0.042509932,0.11
1065,0.466085664,0.17
1067,0.385794247,0.15
1069,0.143465715,0.12
1071,0.157025512,0.14
1072,0.126142471,0.14
1073,0.196994954,0.14
1074,0.281398496,0.16
1075,0.196206158,0.08
1076,0.185367085,0.16
1077,0.111004991,0.17
1079,0.202612894,0.14
1081,0.519238051,0.07
1082,0.117380664,0.07
1083,0.231490912,0.16
1084,0.343468618,0.17
1085,0.301467471,0.08
1086,0.294964524,0.11
1087,0.148212474,0.08
1088,0.417983437,0.08
1090,0.068671977,0.1
1091,0.268046493,0.14
1092,0.042494312,0.13
1093,0.196615629,0.11
1095,0.265714987,0.08
1096,0.257150108,0.08
1097,0.141616873,0.08
1098,0.414669292,0.08
1099,0.209494467,0.09
1100,0.171965768,0.1
1101,0.21145434,0.08
1102,0.130233612,0.08
1104,0.286972012,0.14
1105,0.131280619,0.09
1107,0.494728712,0.18
1108,0.166909342,0.14
1109,0.280072987,0.17
1110,0.236623177,0.17
1111,0.128147558,0.17
1112,0.488491029,0.14
1113,0.439581441,0.09
1115,0.462560666,0.14
1116,0.320950179,0.06
1117,0.209936506,0.18
1118,0.258649649,0.14
1119,0.161306202,0.07
1120,0.607617987,0.11
1121,0.199907255,0.06
1122,0.107161947,0.14
1123,0.196297953,0.13
1124,0.41123759,0.15
1126,0.172724818,0.07
1127,0.165537504,0.11
1128,0.190444224,0.17
1130,0.181826511,0.17
1132,0.191004866,0.17
1133,0.274917328,0.19
1136,0.21877389,0.15
1137,0.297502265,0.07
1138,0.124357338,0.09
1139,0.199251516,0.08
1140,0.409686088,0.19
1141,0.122326563,0.14
1142,0.552039766,0.1
1143,0.429103971,0.11
1144,0.39435332,0.06
1146,0.456680237,0.14
1147,0.245329772,0.11
1148,0.19517316,0.08
1150,0.181244563,0.07
1153,0.241997178,0.14
1154,0.282024678,0.11
1155,0.094137911,0.08
1156,0.183339033,0.08
1157,0.096017101,0.15
1160,0.157271996,0.1
1161,0.112760844,0.18
1162,0.163706923,0.18
1163,0.312845008,0.01
1164,0.154265474,0.08
1165,0.408864517,0.08
1167,0.133834825,0.08
1168,0.08807152,0.08
1169,0.2147876,0.1
1170,0.148468682,0.07
1171,0.422368473,0.08
1172,0.346781858,0.14
1174,0.22672628,0.17
1175,0.355501031,0.08
1176,0.143674962,0.08
1177,0.032978528,0.14
1178,0.135697724,0.08
1180,0.254604395,0.16
1181,0.352940171,0.08
1182,0.089894001,0.14
1183,0.253380693,0.08
1184,0.465574651,0.12
1185,0.261261235,0.11
1186,0.141569105,0.11
1188,0.296279904,0.13
1189,0.151864965,0.08
1191,0.566650489,0.11
1195,NA,0.09
1196,0.294580315,0.12
1197,0.126656213,0.14
1198,0.309056495,0.15
1199,0.108522415,0.17
1200,0.196443297,0.14
1201,0.342246279,0.14
1202,0.08993734,0.08
1203,0.331518455,0.08
1204,0.408325976,0.08
1205,0.287754657,0.07
1207,0.26725189,0.09
1208,0.372977102,0.06
1209,0.217805098,0.18
1210,0.222674254,0.14
1212,0.349482246,0.08
1214,0.371141735,0.14
1215,0.13917519,0.08
1216,0.410944615,0.14
1217,0.122785611,0.08
1218,0.148667981,0.14
1219,0.440610384,0.08
1220,0.441671041,0.22
1222,0.193882041,0.08
1223,0.343670762,0.07
1224,0.227669644,0.15
1225,0.151723533,0.19
1226,0.574241316,0.14
1227,0.136073518,0.06
1228,0.073653114,0.14
1229,0.152895078,0.07
1230,0.350391306,0.1
1231,0.188643288,0.12
1232,0.165232992,0.1
1233,0.220914079,0.08
1234,0.171968793,0.07
1235,0.279745614,0.08
1236,0.217620401,0.11
1238,0.1599363,0.08
1239,0.20596432,0.14
1241,0.171819042,0.09
1242,0.615619563,0.06
1243,0.461891905,0.18
1247,0.325648586,0.13
1248,0.253386723,0.08
1249,NA,0.14
1251,0.17371244,0.03
1252,0.352911317,0.14
1254,0.14744757,0.13
1255,0.36437113,0.16
1257,0.236944939,0.14
1258,0.090858797,0.14
1259,0.047805864,0.09
1260,0.081684445,0.08
1262,0.310246321,0.08
1263,0.152583945,0.09
1264,0.323684801,0.14
1265,0.28159269,0.11
1267,0.226577918,0.1
1268,0.229363511,0.06
1269,0.199677768,0.08
1270,0.248966629,0.17
1271,0.258525806,0.16
1273,0.180865588,0.08
1274,0.38993735,0.09
1276,0.121223173,0.08
1277,0.04329387,0.19
1278,0.22931686,0.09
1280,0.434326842,0.06
1281,0.234713887,0.07
1283,0.347287776,0.14
1284,0.068677183,0.07
1285,0.277667199,0.08
1286,0.211559186,0.17
1287,0.14640199,0.09
1288,0.453302204,0.08
1290,0.334355255,0.07
1292,0.14403211,0.08
1293,0.168976201,0.08
1296,0.304005342,0.09
1297,0.596536875,0.06
1299,0.155679275,0.13
1300,0.191522503,0.16
1301,0.183553724,0.16
1302,0.114439657,0.08
1303,0.18220747,0.07
1304,0.271942646,0.14
1305,0.420314711,0.16
1307,0.197416833,0.11
1308,0.138521664,0.11
1309,0.296671906,0.16
1311,0.247679723,0.14
1312,0.109967625,0.14
1314,0.215868384,0.13
1315,0.615946685,0.14
1316,0.365904582,0.14
1317,0.149921563,0.1
1318,0.335445542,0.08
1319,0.081983509,0.08
1321,0.140931776,0.08
1322,0.054611643,0.08
1324,0.220010865,0.08
1326,0.221216163,0.09
1327,0.216953302,0.06
1328,0.147713514,0.08
1329,0.313476119,0.14
1330,0.362338168,0.06
1331,0.196636023,0.17
1332,0.192074538,0.07
1333,0.024274988,0.03
1334,0.127790994,0.11
1335,NA,0.14
1336,0.207153143,0.1
1337,0.173075034,0.08
1338,0.164044713,0.08
1339,0.201147902,0.16
1341,0.11394892,0.22
1342,0.28097021,0.17
1343,0.229451996,0.09
1345,0.371368206,0.1
1346,0.149865258,0.14
1347,0.220696047,0.12
1349,0.224805444,0.08
1350,0.181526149,0.18
1352,0.182315597,0.08
1353,0.219967073,0.09
1354,0.212577527,0.08
1355,0.173479927,0.11
1356,0.784290887,0.17
1359,0.366397412,0.08
1360,0.215867293,0.15
1361,0.237104104,0.16
1362,0.174002757,0.08
1363,0.085650368,0.07
1364,0.343242837,0.07
1365,0.339184759,0.17
1366,0.559313774,0.08
1367,0.31827369,0.15
1369,NA,0.17
1370,0.125688661,0.11
1371,0.505063547,0.14
1372,0.5176619,0.07
1373,0.274459254,0.08
1374,0.41403398,0.1
1375,0.131770879,0.06
1376,0.413313293,0.09
1377,0.111490355,0.08
1378,0.264407282,0.21
1380,0.133630713,0.11
1381,0.128425117,0.19
1382,0.23420216,0.14
1383,0.113625866,0.08
1385,0.117111414,0.12
1386,0.177311048,0.14
1387,0.314412527,0.14
1388,0.277330204,0.08
1389,0.245916384,0.08
1390,0.195258797,0.14
1391,0.125790946,0.16
1393,0.081929776,0.16
1395,0.120486243,0.06
1397,0.136664536,0.08
1398,0.187210396,0.19
1400,0.37944085,0.02
1401,0.400965783,0.14
1402,0.16600464,0.08
1404,0.37842354,0.14
1405,0.193939087,0.06
1406,0.148958155,0.08
1407,0.148542973,0.06
1409,0.116422002,0.07
1410,0.130414028,0.08
1411,0.030876322,0.09
1412,0.132353577,0.16
1413,0.438265095,0.15
1414,0.209835223,0.14
1415,0.551767992,0.12
1416,0.162055959,0.14
1417,0.132266736,0.16
1418,0.142836027,0.08
1421,0.267699248,0.1
1422,0.299912778,0.11
1423,0.180208043,0.15
1424,0.036740757,0.08
1425,0.075150669,0.08
1426,0.35215062,0.08
1427,0.169603338,0.17
1428,0.331974554,0.09
1429,0.329501947,0.18
1430,0.194225853,0.08
1431,0.189608877,0.06
1432,0.31547421,0.17
1433,0.285844037,0.08
1435,0.307067355,0.15
1437,0.24226964,0.08
1438,0.118706215,0.09
1439,0.066853226,0.19
1440,0.17745655,0.14
1441,0.265444439,0.14
1442,0.112290448,0.14
1443,0.73115501,0.07
1444,0.174468334,0.08
1445,0.327131748,0.14
1446,0.084745872,0.18
1447,0.383754574,0.08
1448,0.100816278,0.06
1450,0.07779332,0.09
1452,0.411277736,0.14
1453,0.164187914,0.14
1454,0.066079539,0.07
1455,0.616853893,0.08
1456,1.026424921,0.15
1457,0.258653367,0.14
1458,0.207671087,0.17
1459,0.118668575,0.08
1461,0.390846673,0.07
1462,0.096586195,0.08
1463,0.182442214,0.08
1464,0.393291226,0.07
1465,0.077816364,0.17
1468,0.325926273,0.14
1469,0.186938334,0.11
1471,0.155408622,0.08
1472,0.257734592,0.17
1473,0.342124547,0.14
1474,0.131278724,0.14
1475,0.364867877,0.11
1476,0.399871081,0.1
1477,0.143589585,0.08
1478,0.299263877,0.07
1479,0.293432162,0.16
1480,0.174975291,0.08
1481,0.520933606,0.08
1482,0.077601019,0.08
1483,0.295641776,0.14
1484,0.143861406,0.13
1485,0.315131111,0.11
1487,0.191065809,0.13
1488,0.162342277,0.14
1491,0.317156872,0.08
1492,0.33333332,0.08
1493,0.202393213,0.15
1494,0.138476614,0.1
1495,0.512820535,0.08
1496,0.268157415,0.18
1497,0.163212579,0.14
1498,0.106704384,0.11
1499,0.384151496,0.08
1502,0.287937238,0.08
1503,0.525206399,0.17
1504,0.275120026,0.09
1505,0.226177198,0.08
1507,0.087914868,0.14
1508,0.451761185,0.08
1510,0.487207935,0.08
1511,0.126242763,0.14
1513,0.144161021,0.16
1514,0.273045594,0.16
1515,0.268144444,0.14
1516,0.403931539,0.08
1517,0.15959048,0.01
1518,0.292634282,0.14
1520,0.332315734,0.08
1521,0.32068032,0.08
1522,0.099179144,0.08
1523,0.06439767,0.14
1524,0.968085317,0.08
1525,0.069249844,0.06
1526,0.163004195,0.08
1527,0.116496409,0.18
1528,0.266805413,0.08
1529,0.231471664,0.08
1530,0.119897268,0.06
1531,0.279257245,0.16
1532,0.149006786,0.07
1533,0.171186691,0.08
1534,0.299949649,0.08
1535,0.207543426,0.08
1536,0.235826179,0.11
1537,0.166923476,0.17
1538,0.972797513,0.11
1539,0.066619033,0.08
1540,0.143136598,0.06
1541,NA,0.08
1542,0.029448902,0.11
1543,0.129956266,0.14
1544,0.479592043,0.14
1545,0.136795759,0.11
1546,0.112646907,0.06
1547,0.306670451,0.08
1548,0.137059281,0.14
1549,0.115479051,0.18
1550,0.301971566,0.14
1551,0.198236548,0.14
1553,0.294785597,0.15
1554,0.181556677,0.07
1555,0.249845471,0.11
1556,0.138256044,0.13
1557,0.243924396,0.15
1558,0.064809868,0.11
1559,0.351020753,0.08
1560,0.190463567,0.08
1561,0.230100035,0.09
1562,0.286632374,0.16
1563,0.558286258,0.14
1564,0.357289826,0.07
1565,0.171207578,0.16
1566,0.370587536,0.07
1567,0.332628225,0.29
1569,0.769527495,0.09
1570,0.331646176,0.16
1573,0.224201566,0.09
1575,0.155649924,0.14
1576,0.283176503,0.13
1577,0.339170648,0.14
1578,0.363577805,0.11
1580,0.234048489,0.14
1581,0.133019838,0.11
1583,0.942747018,0.17
1584,0.274044286,0.09
1585,0.175171112,0.1
1586,0.331055511,0.01
1587,0.271574322,0.1
1590,0.163082035,0.13
1591,0.391599923,0.14
1592,0.270140814,0.12
1593,0.400448623,0.09
1594,0.27291872,0.12
1596,0.192534569,0.15
1598,0.238733223,0.11
1599,0.16870286,0.1
1600,0.191358405,0.07
1602,0.066392779,0.12
1603,0.210893208,0.11
1606,0.294806645,0.09
1607,0.17579834,0.08
1608,0.3167386,0.09
1609,0.340825933,0.08
1610,0.172002227,0.08
1611,0.378397998,0.08
1612,0.288484681,0.07
1613,0.212519767,0.08
1614,0.19094603,0.1
1615,0.276384425,0.1
1616,0.147809374,0.1
1617,0.003366332,0.1
1618,0.239884706,0.09
1619,0.110570675,0.11
1622,0.178305256,0.09
1623,0.126383555,0.07
1624,0.155043994,0.07
1625,0.179418344,0.15
1626,0.220125239,0.08
1627,0.19987721,0.08
1628,0.137531717,0.06
1629,0.528821154,0.09
1630,0.428300554,0.08
1631,0.222759392,0.07
1632,0.127136228,0.08
1633,0.131941325,0.1
1634,0.19951718,0.07
1635,0.451046224,0.06
1636,0.320038743,0.08
1637,0.408646943,0.1
1638,0.109375941,0.08
1639,0.17307887,0.06
1641,0.104779486,0.09
1642,0.316037827,0.08
1643,0.215199038,0.08
1645,0.201507724,0.06
1646,0.094118086,0.07
1647,0.343747826,0.09
1648,0.206033915,0.08
1649,0.536028664,0.41
1650,0.211649846,0.27
1651,0.454427533,0.21
1652,0.157949304,0.1
1653,0.547346527,0.11
1654,0.227577421,0.1
1655,0.202862294,0.11
1656,0.122226398,0.25
1657,0.335653142,0.07
1658,0.252968258,0.08
1659,0.63592862,0.08
1660,0.142550327,0.07
1661,0.214560845,0.08
1663,0.206239859,0.09
1664,0.356293168,0.08
1666,0.201999213,0.08
1667,0.311432512,0.08
1668,0.533481624,0.07
1669,0.323127995,0.08
1670,0.161724269,0.08
1672,0.190992151,0.08
1673,0.21012353,0.09
1674,0.175257136,0.1
1675,0.312307791,0.08
1676,0.229759196,0.1
1677,0.224023916,0.07
1679,0.197782079,0.08
1680,0.403725589,0.08
1681,0.314293239,0.08
1682,0.133580987,0.06
1683,0.410567883,0.08
1684,0.173278511,0.09
1685,0.211519538,0.09
1686,0.173894896,0.07
1687,0.484499278,0.08
1688,0.173502203,0.07
1689,0.214041229,0.08
1690,0.259187507,0.08
1691,0.162361369,0.09
1692,0.114575249,0.08
1693,0.013800351,0.07
1694,0.380935541,0.07
1695,0.273361761,0.08
1697,0.246237797,0.08
1698,0.108469033,0.07
1699,0.14327254,0.08
1700,0.240249098,0.07
1701,0.455447625,0.09
1702,0.176704656,0.08
1704,0.164914368,0.08
1706,0.128795404,0.08
1707,0.191546524,0.1
1708,0.123519228,0.07
1709,0.128472908,0.08
1710,0.278441837,0.08
1711,0.153610765,0.06
1713,0.39088072,0.08
1715,0.174877454,0.07
1717,0.759308231,0.08
1718,0.314778521,0.08
1719,0.100182224,0.08
1720,0.17512894,0.07
1722,0.195579987,0.08
1723,0.197970134,0.07
1724,0.59081859,0.06
1725,0.238912959,0.08
1726,0.141102418,0.08
1727,0.057998754,0.08
1728,0.197949366,0.08
1729,0.349181732,0.07
1730,0.096283779,0.1
1731,0.224700404,0.06
1732,0.028667434,0.1
1734,0.158214849,0.09
1736,0.299359115,0.09
1737,0.354919603,0.08
1740,0.303817184,0.06
1741,0.084557103,0.08
1742,0.192921884,0.08
1743,0.652254656,0.08
1744,0.417166301,0.07
1745,0.14166377,0.08
1746,0.393930607,0.08
1747,0.037942005,0.08
1748,0.15933379,0.08
1749,0.061753263,0.07
1750,0.111335308,0.02
1751,0.225452516,0.08
1752,0.155321047,0.08
1753,0.171354036,0.07
1754,0.352638878,0.1
1755,0.169895215,0.07
1756,0.152555274,0.08
1757,0.269315396,0.08
1758,0.47008817,0.09
1760,0.245670152,0.07
1761,0.294437544,0.08
1762,0.186739688,0.08
1763,0.253620936,0.07
1764,0.236758478,0.08
1765,0.225101954,0.08
1766,0.36719924,0.07
1767,0.278350686,0.08
1768,0.376610207,0.08
1769,0.235322493,0.08
1770,0.201923939,0.07
1772,0.384169294,0.08
1773,0.421758433,0.08
1776,0.403556859,0.11
1777,0.36055539,0.08
1779,0.151039958,0.08
1780,0.199063223,0.08
1781,0.146226199,0.08
1782,0.22867199,0.1
1783,0.276230508,0.07
1784,0.125838401,0.07
1786,0.136563374,0.08
1787,0.110294302,0.08
1788,0.114568464,0.08
1790,0.457868461,0.08
1791,0.33293473,0.07
1793,0.497816964,0.06
1794,0.090737864,0.07
1795,0.282618966,0.06
1796,0.205409955,0.08
1797,0.21215874,0.08
1798,0.416364186,0.03
1799,0.122481678,0.06
1800,0.157968861,0.08
1802,0.139059336,0.08
1803,0.064241402,0.1
1804,0.230056316,0.09
1806,0.144616494,0.08
1807,0.474342066,0.08
1808,0.247637356,0.08
1809,0.170914697,0.06
1810,0.192649683,0.08
1811,0.329485419,0.08
1812,0.115087159,0.08
1814,0.298547708,0.1
1815,0.22675217,0.08
1816,0.243931238,0.1
1817,0.158075816,0.08
1818,0.17051521,0.09
1819,0.180268808,0.08
1820,0.195298391,0.07
1821,0.537597837,0.08
1822,0.267825594,0.08
1823,0.404177306,0.08
1824,0.569590435,0.07
1827,0.091866906,0.08
1828,0.169226265,0.07
1829,0.225493347,0.08
1830,0.229538017,0.08
1831,0.355755649,0.08
1832,0.292394205,0.07
1833,0.367406981,0.08
1834,0.165322765,0.08
1835,0.16872574,0.07
1836,0.705520472,0.09
1837,0.135792381,0.1
1838,0.459013547,0.08
1839,0.292362246,0.1
1840,0.23812787,0.08
1843,0.375432443,0.11
1844,0.415591225,0.14
1845,0.426743009,0.08
1846,0.275360746,0.06
1847,0.141314558,0.08
1848,0.153755265,0.08
1850,0.107940708,0.08
1851,0.31313633,0.07
1853,0.050912091,0.08
1854,0.142161013,0.08
1855,0.273388501,0.08
1856,0.074727743,0.07
1859,0.362018147,0.08
1860,0.248537727,0.09
1861,0.172443196,0.03
1862,0.194265661,0.1
1863,0.238986343,0.08
1864,0.271257805,0.08
1865,0.158676596,0.11
1867,0.309848624,0.09
1869,0.146058694,0.09
1870,0.435742395,0.08
1871,0.304618008,0.1
1872,0.262639747,0.11
1873,0.203652294,0.11
1874,0.148978964,0.07
1875,0.235874877,0.1
1877,0.222960882,0.1
1878,0.355119197,0.09
1879,0.194824651,0.08
1880,0.118062591,0.08
1881,0.282125119,0.08
1882,0.41877647,0.08
1883,0.216058076,0.06
1884,0.191032231,0.08
1885,0.308462383,0.08
1886,0.362207062,0.08
1887,0.179176938,0.08
1888,0.117570421,0.08
1890,0.264555318,0.08
1891,0.168789291,0.08
1892,0.334960882,0.07
1893,0.102075546,0.08
1894,0.185359198,0.08
1895,0.323887737,0.08
1896,0.197226419,0.08
1897,0.175005638,0.02
1898,0.113002561,0.09
1899,0.240331127,0.08
1900,0.3304169,0.07
1902,0.162678181,0.06
1904,0.178361456,0.08
1905,0.230587434,0.08
1906,NA,0.06
1907,0.438985067,0.08
1908,0.510270343,0.08
1909,0.187291776,0.08
1910,0.194315486,0.08
1912,0.365790298,0.12
1914,0.279042378,0.1
1916,0.47920701,0.08
1917,0.247887148,0.08
1918,0.098812703,0.08
1919,0.174195301,0.1
1921,0.20207001,0.08
1922,0.18030285,0.09
1923,0.257610887,0.09
1925,0.184535167,0.08
1926,0.145155132,0.08
1927,0.204928622,0.08
1928,0.079249809,0.08
1929,0.226176235,0.07
1930,0.476214868,0.08
1931,0.14106764,0.09
1932,0.319508091,0.08
1933,0.243120225,0.08
1934,0.257536589,0.08
1935,0.171490787,0.08
1938,0.142398711,0.07
1939,0.446626906,0.08
1940,0.095508057,0.08
1941,0.618910972,0.08
1942,0.114624408,0.07
1943,0.215301357,0.08
1944,0.465780964,0.1
1945,0.107934051,0.07
1946,0.37230786,0.08
1948,0.245933594,0.08
1949,0.193858925,0.08
1950,0.177968975,0.09
1951,0.185877818,0.08
1952,0.453892017,0.08
1953,0.243156564,0.08
1955,0.098124322,0.08
1959,0.168377227,0.03
1961,0.268479768,0.06
1962,0.170786065,0.1
1963,0.210993929,0.08
1964,NA,0.08
1965,0.128958113,0.07
1966,0.273074035,0.08
1967,0.148133959,0.08
1968,0.497634092,0.08
1969,0.144773021,0.08
1970,0.329697235,0.08
1971,0.21012518,0.09
1972,0.217780767,0.08
1973,0.251723139,0.08
1974,0.471438131,0.14
1975,0.146833227,0.1
1976,0.108914376,0.08
1977,0.255108155,0.1
1980,0.32457593,0.08
1981,0.161561298,0.1
1982,0.205846099,0.1
1983,0.092983647,0.11
1984,0.178074238,0.09
1985,0.304224289,0.1
1986,0.105082724,0.1
1987,0.276847606,0.07
1988,0.193605373,0.08
1989,0.155316801,0.08
1990,0.307157043,0.11
1991,0.356309548,0.09
1992,0.187699449,0.1
1993,0.321233289,0.11
1994,0.183525563,0.1
1995,0.150777749,0.02
1996,0.250120148,0.08
1997,0.163139884,0.09
1998,0.236748274,0.1
2000,0.163263618,0.14
2001,0.299928491,0.14
2002,0.481460855,0.08
2003,0.300086913,0.1
2004,0.179436456,0.07
2005,1.072329805,0.1
2006,0.384868624,0.09
2007,0.268466405,0.08
2008,0.209809029,0.08
2009,0.212214176,0.07
2010,0.066298944,0.1
2011,0.187095121,0.08
2013,0.168434027,0.08
2015,0.251879166,0.08
2017,0.126313826,0.08
2018,0.204063156,0.09
2019,0.127222049,0.08
2020,0.230556715,0.08
2022,0.204922706,0.09
2023,0.213887776,0.09
2024,0.1829025,0.1
2025,0.224872161,0.07
2026,0.229231501,0.13
2027,0.227308902,0.08
2028,0.108898917,0.09
2029,0.259753653,0.1
2030,0.249166704,0.08
2031,0.299086462,0.08
2032,0.202528556,0.08
2034,0.328735209,0.08
2035,0.200228072,0.08
2036,0.185544145,0.2
2037,NA,0.13
2038,0.114724808,0.28
2039,0.243936545,0.15
2041,0.158929367,0.19
2042,0.208994322,0.1
2043,0.268836242,0.07
2044,0.271738204,0.08
2045,0.339357883,0.08
2046,0.317258005,0.1
2047,0.421825153,0.11
2048,0.283738802,0.07
2049,0.250312705,0.08
2050,0.384281063,0.11
2051,0.178282452,0.07
2052,0.65728381,0.2
2053,0.15316358,0.09
2054,0.115312546,0.07
2055,0.434835101,0.14
2056,0.203321704,0.09
2057,0.090489911,0.06
2058,0.280835662,0.08
2059,0.113800012,0.11
2060,0.165076484,0.08
2062,0.158909418,0.07
2064,0.282308593,0.11
2065,0.4064422,0.08
2067,0.255135698,0.12
2068,0.153441661,0.09
2069,0.119588052,0.08
2070,0.211033073,0.14
2071,0.218772824,0.11
2072,0.30489041,0.14
2073,0.14599589,0.25
2074,0.466766929,0.08
2075,0.137558845,0.09
2076,0.226856745,0.08
2078,0.289600783,0.14
2079,0.140061181,0.09
2080,0.21636507,0.09
2081,0.184474482,0.09
2082,0.597208814,0.09
2084,0.157890508,0.09
2085,0.083568364,0.09
2086,0.296260018,0.09
2087,0.363767209,0.11
2088,0.028453896,0.16
2090,0.275130287,0.08
2092,0.353822151,0.1
2093,0.43748574,0.1
2094,NA,0.16
2096,0.289883152,0.09
2097,0.890452817,0.08
2098,0.271778249,0.11
2099,0.170560158,0.25
2100,NA,0.09
2102,0.117063733,0.06
2103,0.367730763,0.25
2104,0.156562419,0.14
2105,0.288846106,0.09
2106,0.561949621,0.09
2107,0.20100075,0.08
2108,0.21545148,0.19
2109,0.120662177,0.25
2110,0.246681623,0.08
2111,0.281954779,0.07
2112,0.061749728,0.08
2113,0.285343912,0.12
2114,0.323141724,0.25
2115,0.18616153,0.08
2116,0.147392057,0.31
2117,0.294750687,0.66
2118,0.361762032,0.16
2119,0.108197974,0.22
2121,0.217319793,0.23
2123,0.199243501,0.18
2124,0.264471002,0.09
2125,0.065281846,0.08
2126,0.206020748,0.09
2127,0.274741465,0.09
2129,0.167686619,0.09
2130,0.248039268,0.09
2131,0.139588684,0.08
2133,0.212781589,0.07
2135,0.243156923,0.08
2138,0.163904187,0.07
2140,0.342519245,0.1
2141,0.132914398,0.07
2142,0.215526737,0.09
2143,0.331951968,0.19
2144,0.093421525,0.25
2146,0.283381023,0.08
2147,0.06012985,0.08
2148,0.230360279,0.08
2149,0.300462276,0.08
2150,0.082358487,0.08
2152,0.173342116,0.11
2153,0.269483801,0.08
2154,0.102802204,0.09
2156,0.09565238,0.11
2158,0.208074713,0.07
2159,0.201598704,0.08
2160,0.495352789,0.06
2161,0.21311632,0.1
2162,0.231879567,0.08
2163,0.112267226,0.08
2164,0.324907266,0.08
2165,0.27069175,0.08
2166,0.127488086,0.08
2167,0.244353717,0.08
2168,0.143358222,0.08
2169,0.244329532,0.07
2170,0.387055445,0.1
2171,0.119771772,0.08
2172,0.782131211,0.08
2173,0.367440346,0.08
2174,0.254488063,0.12
2175,0.173070978,0.07
2176,0.28229369,0.06
2178,0.176105963,0.07
2181,0.179286775,0.1
2182,0.148290068,0.08
2183,0.381363402,0.08
2184,0.140297245,0.07
2185,0.277228915,0.08
2186,0.221244492,0.08
2187,0.156372215,0.08
2188,0.024397191,0.07
2189,0.172773479,0.1
2191,0.3352798,0.06
2192,0.127186879,0.08
2193,0.143867959,0.09
2194,0.344350918,0.08
2196,0.138679528,0.07
2197,0.353491608,0.1
2198,0.191151259,0.06
2200,0.439474404,0.08
2202,0.232190517,0.06
2203,0.074161768,0.08
2204,0.053047918,0.08
2205,0.172368023,0.09
2206,0.240445671,0.09
2207,0.374204515,0.11
2208,0.193970111,0.08
2209,0.124028899,0.09
2210,0.250838566,0.08
2212,0.180992974,0.1
2213,0.113010236,0.08
2214,0.307824045,0.08
2215,0.489558329,0.09
2216,0.199885739,0.07
2217,0.228755435,0.09
2218,0.183461948,0.08
2219,0.276538276,0.07
2220,0.378637808,0.06
2221,0.255483443,0.1
2222,0.196950378,0.08
2224,0.135356179,0.09
2225,0.44842633,0.08
2226,0.1143565,0.09
2228,0.176556108,0.08
2229,0.253331729,0.08
2230,0.282894826,0.09
2231,0.349493468,0.08
2232,0.350100848,0.08
2233,0.596637327,0.08
2234,0.227519468,0.08
2235,0.249585775,0.07
2236,0.019299365,0.08
2237,0.067685061,0.08
2238,0.557307138,0.08
2239,0.167034949,0.09
2240,0.140853891,0.06
2241,0.107361265,0.08
2242,0.133004488,0.07
2243,0.277306659,0.1
2245,0.276557577,0.08
2246,0.129203606,0.08
2247,0.14292143,0.08
2248,0.297757557,0.08
2249,0.452152135,0.08
2250,0.185167268,0.08
2251,0.17459321,0.08
2252,0.381867273,0.08
2253,0.175486867,0.08
2254,0.364556302,0.08
2255,0.240685844,0.06
2256,0.279803442,0.08
2258,0.15811103,0.08
2259,0.324379514,0.06
2260,0.67892927,0.07
2261,0.141737047,0.08
2262,0.050291929,0.08
2264,0.067571594,0.08
2265,0.117666045,0.07
2266,0.1822096,0.06
2267,0.299709614,0.08
2268,0.29261887,0.07
2269,0.378825899,0.09
2270,0.089412884,0.08
2271,0.125764428,0.08
2272,0.26771773,0.06
2275,0.10573207,0.06
2276,0.151249474,0.08
2277,0.487139792,0.08
2278,0.113088482,0.09
2280,0.532472124,0.06
2281,0.094822079,0.08
2282,0.291547541,0.09
2283,0.198391502,0.07
2284,NA,0.08
2285,0.369392441,0.07
2286,0.532872097,0.08
2289,0.097761116,0.07
2292,0.099553426,0.08
2294,0.28020596,0.09
2295,0.041579476,0.08
2296,0.300112356,0.08
2298,0.252279299,0.06
2299,0.354351422,0.08
2300,0.429097521,0.07
2301,0.186559119,0.08
2302,0.211140807,0.1
2303,0.231823498,0.08
2304,0.322689388,0.06
2305,0.317974675,0.08
2307,0.437735135,0.08
2308,0.170965632,0.07
2309,0.391314938,0.08
2310,0.109077039,0.08
2312,0.222897883,0.09
2313,0.293412204,0.07
2314,0.287206605,0.07
2315,0.254234109,0.09
2316,0.177654075,0.08
2317,0.23305003,0.07
2318,0.249177226,0.08
2319,0.192736164,0.08
2320,0.412786421,0.08
2321,0.139193936,0.08
2323,0.45267379,0.09
2324,0.18055719,0.06
2327,0.104103254,0.1
2328,0.362283326,0.07
2329,0.298553317,0.18
2331,0.407362024,0.17
2332,0.153783661,0.09
2333,0.13992598,0.08
2334,0.14494467,0.1
2335,0.432962213,0.06
2336,0.263912601,0.08
2337,0.264870844,0.08
2338,0.186108404,0.09
2341,0.251549361,0.08
2342,0.346628042,0.06
2343,0.121491458,0.08
2344,0.174831694,0.08
2345,0.222536558,0.08
2346,0.169272596,0.08
2347,0.16472061,0.02
2348,0.172890199,0.07
2349,0.172542599,0.08
2350,0.23415336,0.07
2351,0.485370364,0.07
2352,0.158949459,0.08
2353,0.335611757,0.08
2354,0.226189257,0.08
2355,0.179881026,0.06
2356,0.141415502,0.09
2357,0.296767674,0.08
2358,0.243123653,0.09
2359,0.413270484,0.08
2360,0.287229583,0.07
2363,0.619202085,0.09
2364,0.201241429,0.08
2366,0.287695716,0.07
2367,0.341264428,0.08
2369,0.193010267,0.08
2370,0.12208561,0.01
2371,0.201209615,0.08
2372,0.64704628,0.08
2373,0.131401371,0.08
2375,0.369346837,0.09
2376,0.368812716,0.08
2377,0.449293185,0.08
2379,0.209477854,0.07
2380,0.372409009,0.07
2383,0.183794447,0.1
2384,0.233361916,0.07
2386,0.715019941,0.08
2387,0.118902166,0.08
2388,0.161843118,0.08
2390,0.400910963,0.09
2392,0.403457241,0.08
2393,0.276334665,0.09
2394,0.24922966,0.08
2395,0.520952576,0.13
2396,0.119732467,0.14
2397,0.217265663,0.09
2398,0.107432729,0.11
2399,0.131835159,0.08
2400,0.098885329,0.1
2401,0.923689886,0.1
2402,0.150469991,0.12
2403,0.150546726,0.09
2404,0.759746729,0.15
2405,0.200438655,0.1
2406,0.212498889,0.11
2407,0.304173845,0.08
2408,0.363452368,0.09
2409,0.108380963,0.15
2411,0.318556547,0.14
2412,0.113395063,0.09
2413,NA,0.09
2414,0.19364741,0.09
2415,0.201794354,0.1
2416,0.222006001,0.09
2417,0.285808463,0.09
2418,0.236088588,0.1
2420,0.354610802,0.1
2421,0.377286185,0.1
2422,0.310822446,0.1
2423,0.457482758,0.08
2424,0.079468222,0.1
2426,0.108759673,0.1
2427,0.286364153,0.09
2428,0.260684891,0.11
2429,0.321878545,0.09
2430,0.523564351,0.11
2431,0.187149445,0.11
2432,0.106388154,0.13
2433,0.109561013,0.09
2434,0.136080904,0.1
2435,0.202870537,0.09
2436,0.176491458,0.08
2437,0.296538118,0.09
2438,0.215121956,0.08
2439,0.299410924,0.09
2440,0.082419082,0.1
2441,0.086788991,0.03
2442,0.28135511,0.11
2443,0.337001487,0.1
2444,0.280571544,0.09
2445,0.172990607,0.1
2446,0.090076489,0.08
2447,0.333490269,0.09
2448,0.355849611,0.1
2449,0.107397032,0.08
2450,0.229506634,0.1
2451,0.287171877,0.11
2452,0.492390702,0.09
2453,0.266240648,0.1
2455,0.115840624,0.1
2456,0.189047493,0.08
2457,0.26893066,0.08
2458,0.150443751,0.09
2461,0.307600327,0.11
2462,0.162756599,0.09
2463,0.088846083,0.08
2466,0.227339989,0.09
2467,0.221348377,0.11
2468,0.090471773,0.08
2469,0.273053051,0.07
2470,0.284048798,0.07
2471,0.172465786,0.09
2473,0.31959324,0.08
2474,0.251462278,0.08
2475,0.250952899,0.09
2476,0.128726299,0.08
2477,0.240877516,0.08
2479,0.209108624,0.1
2480,0.308776258,0.1
2481,0.097589827,0.03
2482,0.339704956,0.09
2485,0.173206844,0.08
2486,0.598564767,0.1
2487,0.400894615,0.09
2488,0.112222193,0.08
2489,0.19890736,0.09
2490,0.223256057,0.07
2491,0.131322798,0.1
2492,0.395589826,0.09
2494,0.144086107,0.08
2495,0.222109969,0.1
2497,0.096333874,0.1
2498,0.139128276,0.08
2499,0.298612863,0.1
2501,0.463915867,0.1
2502,0.148760677,0.13
2505,0.121276319,0.1
2506,NA,0.08
2507,0.29741565,0.08
2508,0.259093608,0.09
2509,0.271548826,0.09
2510,0.191848826,0.09
2511,0.221354597,0.1
2512,0.346712817,0.07
2513,0.21560033,0.08
2514,0.254399541,0.1
2515,0.317259284,0.08
2516,0.283102184,0.08
2518,0.263775976,0.09
2519,0.191444336,0.09
2520,0.133810665,0.11
2521,0.600713142,0.09
2522,0.289321134,0.08
2523,0.669172495,0.09
2524,0.034569275,0.09
2525,0.218383567,0.11
2526,0.321881182,0.09
2527,0.046925169,0.1
2528,0.377854646,0.08
2529,0.093596944,0.08
2530,0.226938575,0.1
2531,0.157374963,0.1
2532,0.259491635,0.08
2533,0.155307196,0.1
2534,0.382796052,0.1
2535,0.266392838,0.1
2536,0.583542921,0.14
2537,0.241561723,0.11
2539,0.180719665,0.07
2540,0.300690731,0.08
2541,0.261379637,0.08
2542,0.275732143,0.09
2543,0.174494717,0.11
2544,0.381727001,0.1
2545,0.207514125,0.09
2546,0.184385306,0.1
2547,0.222451773,0.08
2548,0.115621192,0.09
2549,0.223175166,0.09
2550,0.544884435,0.08
2551,0.17370363,0.08
2552,0.414775253,0.12
2553,0.204541974,0.09
2554,0.242889464,0.02
2556,0.082708274,0.09
2559,0.353489592,0.1
2560,0.292239235,0.07
2561,0.409786545,0.09
2562,0.213023847,0.09
2563,0.035527086,0.08
2564,0.219366423,0.1
2565,0.092729509,0.09
2566,0.410177714,0.09
2567,0.219228771,0.09
2568,0.234890102,0.1
2570,0.124264315,0.08
2571,0.219609185,0.1
2572,0.528650645,0.09
2574,0.222510766,0.11
2575,0.394191744,0.09
2576,0.299840004,0.08
2577,0.137148341,0.1
2578,0.20459503,0.09
2579,0.119117412,0.07
2581,0.251176986,0.1
2582,0.374233489,0.09
2583,0.35269173,0.07
2584,0.251385038,0.08
2586,0.3794985,0.1
2588,0.321586053,0.1
2589,0.410499232,0.08
2590,0.187368622,0.09
2591,0.698112184,0.1
2592,0.185704276,0.08
2593,0.165144013,0.08
2594,0.272577496,0.09
2595,0.197871686,0.1
2596,0.459956323,0.08
2598,0.195670297,0.1
2599,0.133006001,0.09
2600,0.190890712,0.08
2601,0.219801364,0.09
2602,0.172854607,0.08
2603,0.285703523,0.08
2604,0.294703732,0.08
2606,0.099700183,0.06
2607,0.442845222,0.09
2608,0.371607932,0.08
2609,0.139950902,0.08
2610,0.217353258,0.1
2611,0.105619155,0.03
2612,0.236680891,0.09
2614,0.267343651,0.03
2616,0.178056442,0.11
2617,0.115223503,0.14
2619,0.686253747,0.07
2620,0.242287318,0.14
2621,0.268951786,0.08
2622,0.17170376,0.09
2623,0.291081254,0.09
2624,0.244634089,0.09
2625,0.344587242,0.1
2626,0.08405922,0.1
2627,0.291802303,0.1
2628,0.202921604,0.1
2629,0.265142387,0.08
2630,0.187850932,0.08
2631,0.22485784,0.1
2632,0.132719381,0.09
2633,0.151144556,0.09
2634,0.216772831,0.08
2635,0.274014714,0.09
2636,0.222562836,0.07
2637,0.174808025,0.08
2638,0.133486855,0.08
2639,0.07498069,0.14
2640,0.269167063,0.08
2641,0.171750741,0.03
2643,0.325926651,0.09
2644,0.46643297,0.09
2645,0.272657298,0.1
2647,0.224051276,0.1
2648,0.351750959,0.08
2649,0.332311732,0.08
2650,0.210970715,0.08
2652,0.305766663,0.08
2654,0.256136163,0.1
2655,0.257511586,0.1
2656,0.349583136,0.08
2658,0.238061021,0.1
2661,0.299775833,0.08
2662,0.141362318,0.07
2663,0.184448293,0.1
2664,0.486330439,0.09
2665,0.298838885,0.07
2666,0.10022162,0.09
2667,0.13209743,0.08
2668,0.128501956,0.1
2669,0.128612564,0.08
2670,0.196371563,0.09
2671,0.13145789,0.14
2673,0.095987746,0.1
2674,0.101096603,0.07
2675,0.172183382,0.11
2676,0.117019183,0.08
2678,0.581655711,0.08
2679,0.339699102,0.11
2680,0.334249826,0.08
2681,0.159068499,0.09
2682,0.230308515,0.08
2683,0.237185485,0.09
2684,0.15241055,0.1
2685,0.22688855,0.09
2686,0.237718628,0.08
2687,0.640601917,0.07
2688,0.166905758,0.09
2689,0.501514713,0.09
2690,0.382820567,0.08
2692,0.333620024,0.02
2693,0.175441589,0.08
2694,0.144697722,0.13
2695,0.246197945,0.1
2696,0.252497681,0.09
2697,0.410474491,0.1
2698,0.627389027,0.11
2699,0.163056176,0.09
2702,0.065242473,0.08
2703,0.138445579,0.09
2704,0.204883187,0.11
2705,0.123711817,0.09
2706,0.116598201,0.08
2707,0.227455822,0.09
2708,0.130975169,0.08
2709,0.214137713,0.08
2710,0.391122755,0.1
2712,0.262910822,0.08
2713,0.11520554,0.07
2714,0.268618046,0.07
2716,0.411978297,0.14
2717,0.347511514,0.1
2718,0.14321983,0.1
2719,0.393384664,0.08
2720,0.244646116,0.09
2721,0.328046565,0.1
2722,0.287970242,0.08
2723,0.356788481,0.09
2724,0.151651673,0.07
2725,0.167021471,0.09
2727,0.216635637,0.1
2728,0.326012196,0.08
2729,0.243936292,0.09
2730,0.159060032,0.11
2732,0.125426471,0.08
2733,0.425729683,0.09
2734,0.116167045,0.09
2735,0.137595872,0.08
2736,0.254721748,0.09
2737,0.18692439,0.07
2738,0.295118769,0.07
2739,0.119935146,0.07
2740,0.238413923,0.08
2742,0.426845465,0.1
2743,0.248817739,0.14
2745,0.219125437,0.09
2746,0.069283645,0.09
2747,0.337980387,0.09
2748,0.173600962,0.08
2749,0.121342645,0.08
2751,0.429662909,0.09
2752,0.256532348,0.1
2753,0.126621856,0.08
2754,0.149895228,0.11
2755,0.152704247,0.09
2756,0.341360258,0.1
2757,0.208897786,0.09
2758,0.312905628,0.07
2759,0.374687713,0.11
2760,0.553884594,0.11
2761,0.198761682,0.12
2762,0.636054537,0.09
2763,0.511804166,0.11
2765,0.269983177,0.03
2768,0.284337558,0.1
2769,0.230124788,0.1
2770,0.195370058,0.07
2771,0.50600984,0.09
2772,0.144786841,0.1
2773,0.584590567,0.08
2774,0.260502947,0.08
2776,0.192339709,0.08
2777,0.210999594,0.1
2778,0.347025713,0.08
2779,0.777777033,0.08
2780,0.610690541,0.1
2781,0.167387206,0.08
2782,0.25253245,0.09
2784,0.192694898,0.08
2785,0.092178258,0.09
2786,0.270815386,0.09
2787,0.11360535,0.09
2789,0.239534996,0.08
2790,0.119027088,0.1
2791,0.37156154,0.09
2792,0.196727433,0.09
2793,0.342714414,0.09
2794,0.128081896,0.08
2795,0.236437149,0.1
2796,0.155372483,0.09
2797,0.211474915,0.07
2799,0.32622947,0.03
2800,0.169824511,0.08
2801,0.13063332,0.09
2803,0.333982614,0.08
2805,0.092182639,0.08
2807,0.281897774,0.1
2808,0.345761101,0.09
2809,0.218957425,0.09
2810,0.261872276,0.09
2811,0.134840942,0.09
2812,0.343482755,0.08
2813,0.310267408,0.1
2814,0.25462376,0.08
2816,0.189909707,0.08
2817,0.316401283,0.08
2820,0.230955963,0.08
2821,0.24546958,0.08
2823,0.04306571,0.09
2824,0.138729522,0.09
2825,0.472733348,0.11
2826,0.182322831,0.09
2827,0.236960839,0.09
2828,0.121018568,0.08
2829,0.114450057,0.08
2830,0.278024116,0.09
2832,0.208331898,0.09
2833,0.054763717,0.08
2834,0.148483387,0.09
2835,0.072851082,0.09
2836,0.169327959,0.09
2838,0.130952575,0.09
2839,0.270076017,0.08
2840,0.329482828,0.1
2841,0.111875451,0.08
2842,0.167420469,0.09
2843,0.460931911,0.08
2844,0.192736767,0.1
2846,0.213199084,0.1
2848,0.100090312,0.08
2849,0.440241503,0.1
2850,0.198845993,0.1
2851,0.435751354,0.09
2852,0.272754743,0.08
2853,0.194747201,0.08
2854,0.285086145,0.1
2855,0.185729746,0.1
2856,0.028078031,0.11
2857,0.215073853,0.1
2858,0.237176571,0.08
2859,0.253421787,0.07
2861,0.198325149,0.07
2862,0.263662915,0.08
2863,0.364569189,0.1
2864,0.323706188,0.08
2865,0.196590394,0.08
2867,0.109015851,0.08
2868,0.13977864,0.09
2869,0.113974218,0.07
2870,0.181503564,0.09
2871,0.145895839,0.09
2872,0.097572855,0.1
2873,0.280810404,0.08
2874,0.323972826,0.1
2875,0.236486303,0.08
2876,0.084388299,0.1
2877,0.331916924,0.1
2878,0.196550488,0.09
2879,0.12267026,0.09
2880,0.511841102,0.09
2881,0.263138727,0.09
2882,0.680466929,0.09
2883,0.088623713,0.08
2884,0.595205308,0.08
2885,0.22862034,0.1
2886,0.045087969,0.08
2887,0.147408161,0.09
2888,0.267024261,0.09
2890,0.396145678,0.09
2891,0.140493194,0.08
2892,0.178915314,0.09
2893,0.260201524,0.1
2895,0.431975827,0.1
2896,0.223555058,0.07
2897,0.209073398,0.11
2898,0.157161375,0.11
2899,0.53136153,0.09
2900,0.208733092,0.09
2901,0.172351225,0.1
2902,0.171798013,0.08
2903,0.198191429,0.1
2904,0.185783329,0.08
2905,0.309185068,0.1
2906,0.230609355,0.08
2907,0.390365668,0.1
2909,0.334508283,0.09
2910,0.50185591,0.03
2912,0.227379404,0.09
2913,0.157103704,0.08
2914,NA,0.09
2915,0.144408294,0.09
2916,0.152502143,0.08
2917,0.114224165,0.09
2918,0.147025844,0.09
2919,0.345796219,0.1
2922,0.213475061,0.08
2923,0.10092041,0.1
2924,0.11424414,0.09
2925,0.202708322,0.07
2926,0.236131427,0.09
2928,0.168827102,0.08
2929,0.148345754,0.1
2930,0.656262216,0.09
2931,0.291961933,0.11
2932,0.198226619,0.09
2933,0.147725247,0.09
2935,0.137895007,0.08
2936,0.191021749,0.07
2938,0.13942855,0.09
2939,0.60255919,0.08
2940,0.343316629,0.11
2942,0.209267926,0.08
2943,0.205798367,0.08
2944,0.226560768,0.1
2945,0.31901489,0.09
2946,0.265590718,0.09
2947,0.302368806,0.08
2950,0.263608569,0.09
2951,0.245081496,0.08
2952,0.120549748,0.1
2953,0.038318988,0.11
2954,0.142397433,0.01
2955,0.246819357,0.08
2956,0.226651001,0.08
2957,0.1303577,0.08
2960,0.233039955,0.03
2963,0.242965268,0.07
2964,0.15892259,0.08
2965,0.190783341,0.08
2966,0.200825624,0.09
2967,0.49324582,0.1
2968,0.104891217,0.1
2969,0.190978816,0.09
2970,0.145899329,0.08
2971,0.152446229,0.08
2972,0.183884694,0.1
2973,0.011466719,0.08
2974,0.077870176,0.08
2977,0.143661373,0.1
2978,0.226816423,0.08
2979,0.483745764,0.07
2980,0.362800362,0.08
2982,0.633753982,0.08
2983,0.857796957,0.08
2984,0.208258031,0.09
2985,0.245953851,0.11
2987,0.067296694,0.08
2988,0.179746486,0.08
2989,0.158079054,0.08
2991,0.611558039,0.09
2992,0.272789436,0.08
2993,0.11461602,0.08
2994,0.147748003,0.06
2995,0.122479561,0.09
2996,0.062294949,0.07
2998,0.465104923,0.08
2999,0.095436681,0.08
3000,0.117951894,0.07
3001,0.231839056,0.08
3002,0.430033179,0.08
3003,0.344208278,0.08
3004,0.256198813,0.08
3008,0.347966315,0.08
3009,0.367510185,0.06
3010,0.262110614,0.08
3011,0.272918006,0.07
3012,0.322235398,0.08
3013,0.237234883,0.09
3014,0.311137292,0.08
3017,0.084334888,0.07
3018,0.337894448,0.08
3019,0.181906803,0.08
3020,0.185689481,0.07
3021,0.274869637,0.08
3022,0.101080544,0.06
3023,0.183267329,0.08
3024,0.207764412,0.09
3025,0.373278363,0.08
3026,0.105062355,0.07
3027,0.561175233,0.06
3028,0.267527493,0.07
3029,0.261261695,0.08
3030,0.774963899,0.07
3031,0.192185617,0.08
3032,0.378074439,0.07
3034,0.177704016,0.08
3036,0.11218645,0.08
3038,0.353175366,0.08
3040,0.059076124,0.08
3041,0.369607149,0.08
3042,0.153059846,0.08
3043,0.253757067,0.07
3044,0.469877701,0.09
3046,0.089294773,0.07
3047,0.195836183,0.08
3048,0.194665725,0.07
3049,0.149862903,0.1
3050,0.237942768,0.08
3051,0.214271788,0.07
3052,0.222293972,0.09
3053,0.337967213,0.08
3054,0.96003054,0.08
3055,0.161913985,0.08
3058,0.152659722,0.06
3059,0.309035835,0.08
3061,0.118582112,0.08
3062,0.162648714,0.08
3063,0.089368367,0.08
3064,0.268174728,0.08
3065,0.213649953,0.08
3066,0.272120964,0.08
3067,0.231476641,0.08
3068,0.851967347,0.08
3070,0.070227764,0.08
3072,0.168960256,0.08
3073,0.148305786,0.1
3074,0.239667645,0.08
3076,0.216700828,0.08
3077,0.34329993,0.08
3078,0.213463877,0.11
3079,0.303218296,0.08
3080,0.072158059,0.06
3081,0.185302233,0.1
3082,0.17057594,0.08
3083,0.122800248,0.06
3084,0.376417866,0.08
3087,0.444882232,0.08
3088,0.261213616,0.1
3089,0.298008009,0.06
3090,0.097991216,0.08
3091,0.369824288,0.07
3093,0.204228877,0.07
3094,0.172994535,0.08
3096,0.425044376,0.07
3097,0.170673721,0.08
3098,0.099936846,0.06
3101,0.143438937,0.1
3102,0.349255431,0.08
3103,0.268079236,0.02
3104,0.251889096,0.09
3105,0.141195179,0.07
3106,0.266713144,0.09
3107,0.417775934,0.08
3108,0.265209727,0.07
3110,0.230651628,0.1
3111,0.081657321,0.08
3112,0.274183339,0.08
3113,0.226621654,0.06
3114,0.016925543,0.08
3115,0.41694188,0.07
3117,0.08704243,0.09
3118,0.440975777,0.09
3119,0.243679392,0.08
3120,0.212481582,0.1
3121,0.32320943,0.09
3122,0.1976559,0.09
3124,0.474088156,0.16
3126,0.235968832,0.07
3127,0.123075601,0.11
3129,0.147068885,0.06
3131,0.248360973,0.08
3132,0.132568308,0.06
3133,0.160693531,0.07
3134,0.221965318,0.08
3135,0.174807358,0.08
3136,0.234162491,0.08
3138,0.210473852,0.08
3139,0.115841898,0.1
3140,0.210282859,0.07
3142,0.408178607,0.07
3145,0.162644107,0.08
3146,0.236780628,0.03
3147,0.140040104,0.08
3148,0.167430637,0.08
3152,0.343407086,0.09
3154,0.131034271,0.06
3155,0.085442109,0.08
3157,0.108927533,0.08
3158,0.452277304,0.08
3159,0.174330672,0.07
3160,0.112980054,0.07
3161,0.313055725,0.08
3162,0.113345942,0.08
3164,0.157738624,0.1
3165,0.031716948,0.09
3166,0.165574506,0.08
3167,0.295928111,0.06
3168,0.533268919,0.11
3169,0.226956592,0.07
3170,0.169589544,0.08
3171,0.164098892,0.06
3172,0.291042748,0.09
3174,0.497207772,0.07
3175,0.175669871,0.08
3176,0.248088344,0.08
3177,0.102794315,0.08
3178,0.292478623,0.08
3179,0.19030759,0.08
3180,0.349506717,0.08
3181,0.287003615,0.06
3182,0.252564615,0.12
3183,0.121454411,0.07
3184,0.477598343,0.1
3185,0.136927446,0.09
3186,0.141444009,0.14
3188,0.295118418,0.1
3191,0.240720194,0.11
3192,0.087433951,0.13
3193,0.24569891,0.16
3194,0.242568284,0.11
3195,0.16198503,0.11
3196,0.049934505,0.08
3197,0.382077965,0.08
3198,0.391111908,0.08
3200,0.140388903,0.07
3201,0.295879951,0.13
3202,0.254708284,0.18
3203,0.311357408,0.08
3204,0.268455396,0.12
3205,0.170114098,0.09
3206,0.380470321,0.04
3207,0.481978464,0.08
3208,0.977429527,0.2
3209,0.293670028,0.06
3210,0.205393412,0.08
3211,0.471577026,0.07
3212,0.302958802,0.08
3213,0.645465608,0.07
3214,0.196127618,0.11
3215,0.41742058,0.08
3216,0.078058168,0.08
3217,0.292846495,0.09
3218,0.275878901,0.08
3219,0.255040697,0.08
3220,0.356806568,0.08
3221,0.253987985,0.09
3222,0.29430627,0.08
3223,0.253780047,0.1
3224,0.355485278,0.06
3225,0.10722758,0.09
3226,0.223070309,0.07
3227,0.252550494,0.08
3228,0.411081862,0.07
3229,0.134439244,0.08
3230,0.770355604,0.08
3231,0.255686383,0.08
3233,0.276204973,0.07
3234,0.26954037,0.06
3235,0.180211283,0.08
3236,0.492400779,0.08
3238,0.157805445,0.08
3240,0.197657927,0.08
3242,0.165228093,0.08
3243,0.146536182,0.08
3245,0.236414484,0.08
3246,0.309862922,0.08
3247,0.254599879,0.08
3249,0.192587388,0.08
3250,0.238432539,0.08
3251,0.268627216,0.08
3252,0.185321371,0.13
3253,0.096175125,0.09
3255,0.235037396,0.08
3256,0.232850311,0.08
3257,0.243100433,0.08
3258,0.368766553,0.09
3259,0.068030121,0.07
3260,0.162813878,0.1
3261,0.444680299,0.08
3262,0.11893628,0.07
3263,0.022472105,0.08
3264,0.279799176,0.08
3265,0.216890838,0.1
3268,0.111284521,0.08
3269,0.209290029,0.08
3270,0.175363463,0.06
3272,0.182600297,0.08
3273,0.353704185,0.11
3274,0.507583774,0.14
3275,0.271118245,0.09
3276,0.206379201,0.09
3277,0.144757476,0.09
3278,0.227352642,0.23
3279,0.203023368,0.1
3281,0.138112939,0.13
3282,0.211780954,0.08
3283,0.350883051,0.24
3284,0.133313747,0.09
3285,0.738614735,0.06
3286,0.183564907,0.08
3287,0.237548095,0.11
3289,0.108157766,0.09
3290,0.127526032,0.08
3291,0.156668186,0.09
3293,0.232495144,0.07
3294,0.379468356,0.08
3295,0.166394349,0.08
3296,0.129610704,0.09
3298,0.111734703,0.08
3299,0.137045911,0.08
3300,0.195808961,0.08
3301,0.252150178,0.07
3302,0.447849251,0.08
3303,0.162296772,0.07
3305,0.368284942,0.08
3306,0.30330982,0.06
3307,0.249927308,0.08
3309,0.174216656,0.08
3310,0.208123995,0.07
3311,0.344211122,0.1
3312,0.372226622,0.09
3313,0.207828532,0.13
3314,0.300795597,0.1
3315,0.43484347,0.13
3316,0.47701951,0.08
3317,0.130071894,0.07
3319,0.279121882,0.08
3321,0.138777868,0.08
3322,0.261326265,0.11
3323,0.359468084,0.08
3324,0.182377743,0.1
3326,0.276629476,0.07
3327,0.101307376,0.11
3328,0.210543258,0.08
3329,0.280454639,0.08
3330,0.360884977,0.08
3331,0.394560166,0.1
3332,0.544846766,0.09
3334,0.340188432,0.07
3335,0.198095894,0.08
3336,0.234273776,0.06
3337,0.053756403,0.1
3338,0.248950241,0.08
3339,0.177572321,0.09
3342,0.18178969,0.08
3343,0.144628283,0.08
3344,0.122733332,0.08
3345,0.243657537,0.08
3346,0.331757259,0.16
3349,0.165662666,0.08
3350,0.358122769,0.08
3352,0.203251581,0.09
3353,0.519372025,0.1
3354,0.165877231,0.06
3355,0.174473453,0.08
3357,0.344670504,0.08
3358,0.160881093,0.1
3359,0.31804474,0.08
3360,0.322602403,0.1
3361,0.274040607,0.07
3362,0.19153734,0.08
3364,0.154311313,0.08
3365,0.424697366,0.07
3367,0.119332007,0.08
3369,0.30298552,0.09
3372,0.149596572,0.07
3373,0.246916981,0.09
3375,0.59449571,0.08
3377,0.309435319,0.08
3378,0.195145679,0.07
3379,0.1365581,0.14
3380,0.241802851,0.08
3382,0.22426983,0.08
3383,0.162033742,0.08
3384,0.229329619,0.07
3385,0.211270178,0.07
3386,0.213321653,0.07
3387,0.336527541,0.08
3388,0.131161805,0.08
3389,0.218435727,0.07
3390,0.347715308,0.08
3391,0.575519308,0.08
3392,0.152052733,0.06
3393,0.294323738,0.08
3394,0.237707597,0.1
3396,0.222196435,0.1
3397,0.200803481,0.09
3398,0.153188691,0.08
3399,0.656802439,0.08
3400,0.29544092,0.08
3401,0.498330928,0.08
3402,0.173309943,0.08
3403,0.398210626,0.08
3404,0.258189759,0.08
3405,0.147395704,0.08
3406,0.225469166,0.09
3407,0.13283658,0.1
3408,0.132666679,0.08
3410,0.294502309,0.1
3411,0.16278897,0.07
3412,0.291168225,0.08
3413,0.238265431,0.07
3414,0.269019856,0.12
3415,1.12641381,0.08
3416,0.124839582,0.07
3417,0.132029611,0.09
3418,0.433618542,0.08
3419,0.313498884,0.08
3420,0.179533907,0.08
3421,0.280566487,0.08
3422,0.136176811,0.08
3423,0.324867118,0.08
3424,0.193787915,0.06
3426,0.338179649,0.08
3427,0.209354818,0.09
3428,0.111990613,0.09
3429,0.146727875,0.08
3430,0.188694068,0.08
3431,0.349333221,0.08
3432,0.185162909,0.08
3434,0.51380711,0.08
3435,0.137072152,0.08
3438,0.194799119,0.08
3439,NA,0.08
3440,0.269533817,0.07
3441,0.268819809,0.11
3443,0.151345358,0.11
3444,0.293804862,0.08
3445,0.305329165,0.14
3446,0.216035442,0.09
3447,0.235954094,0.09
3448,0.203097773,0.08
3449,0.244900919,0.07
3452,0.367023188,0.08
3453,0.324091654,0.07
3454,0.197671288,0.11
3455,0.172725298,0.07
3456,0.237620619,0.08
3458,0.34622678,0.08
3459,0.12896346,0.11
3460,0.242503733,0.11
3461,0.303440718,0.06
3462,0.665274351,0.09
3463,0.179528466,0.11
3464,0.167558484,0.07
3465,0.239732678,0.07
3466,0.277632003,0.08
3467,0.37581345,0.08
3468,0.272805283,0.07
3469,0.153928604,0.08
3470,0.123704614,0.07
3471,0.22555123,0.08
3472,0.206091132,0.11
3474,0.402465213,0.09
3476,0.636695114,0.08
3477,0.446084243,0.11
3479,0.188033901,0.09
3481,0.282316942,0.08
3482,0.400253881,0.08
3483,0.262763978,0.09
3484,0.35370288,0.13
3486,0.156397385,0.06
3487,0.101549339,0.06
3488,0.086306923,0.08
3489,0.220715448,0.11
3490,0.188790038,0.13
3491,0.10316213,0.08
3492,0.569309796,0.08
3493,0.250899012,0.06
3494,0.20153422,0.08
3495,0.15924435,0.09
3496,0.310636163,0.08
3497,0.15675346,0.06
3498,0.290535783,0.08
3499,0.225074019,0.08
3500,0.256003208,0.02
3502,0.226119795,0.08
3503,0.310071038,0.1
3504,0.241264875,0.08
3505,0.281092312,0.08
3506,0.196198548,0.07
3507,0.153700019,0.08
3508,0.255687868,0.07
3509,0.479946281,0.09
3510,0.275241518,0.1
3511,0.193112364,0.09
3513,0.374844076,0.08
3514,0.257833503,0.08
3515,0.3156219,0.08
3516,0.456597807,0.11
3518,0.247910579,0.11
3519,0.339490964,0.08
3520,0.21183611,0.11
3521,0.209174911,0.08
3522,0.204699293,0.09
3523,0.190720174,0.44
3525,0.164679186,0.08
3526,0.364368326,0.08
3527,0.171941581,0.09
3528,0.305376401,0.08
3529,0.393295475,0.08
3530,0.221240408,0.07
3531,0.233619578,0.06
3532,0.570454273,0.08
3533,0.32280717,0.08
3534,0.223805484,0.12
3535,0.205857189,0.09
3536,0.363998047,0.08
3537,0.241463778,0.08
3538,0.190603576,0.08
3539,0.232120497,0.11
3540,0.231818626,0.08
3541,0.147848085,0.06
3542,0.139880384,0.08
3543,0.285663064,0.08
3544,0.07792068,0.06
3545,0.138174487,0.08
3546,0.138480726,0.08
3547,0.223825541,0.08
3548,0.232492573,0.11
3549,0.18454555,0.08
3550,0.138194165,0.08
3551,0.23422233,0.06
3554,0.499005173,0.08
3555,0.178469737,0.08
3556,0.152104744,0.1
3558,0.128089633,0.09
3559,0.121879877,0.08
3562,0.185409793,0.08
3563,0.333062791,0.09
3566,0.400208138,0.08
3567,0.168816229,0.08
3569,0.300984489,0.09
3570,0.44517131,0.11
3571,0.198195476,0.09
3572,0.160231291,0.08
3573,0.725663211,0.08
3574,0.183514492,0.1
3576,0.171879021,0.08
3577,0.494808109,0.1
3578,0.253030423,0.1
3579,0.071153717,0.08
3580,0.151213091,0.08
3581,0.135493646,0.07
3582,0.129616505,0.08
3583,0.426906523,0.08
3584,0.255454278,0.08
3585,0.118333599,0.09
3586,0.252069997,0.06
3587,0.19138122,0.09
3588,0.139655367,0.08
3589,0.151000188,0.1
3590,0.259994574,0.08
3591,0.216654634,0.08
3592,0.261684782,0.11
3593,0.361818822,0.09
3594,0.034271133,0.09
3595,0.328366372,0.11
3596,0.226051257,0.07
3597,0.114403555,0.08
3599,0.162034951,0.1
3600,0.225395867,0.08
3603,0.532882999,0.1
3604,0.252248394,0.1
3605,0.203940633,0.1
3606,0.177972103,0.08
3607,0.140815151,0.08
3608,0.283629986,0.08
3609,0.218815982,0.09
3610,0.36356227,0.08
3611,0.285782103,0.01
3612,0.225287229,0.11
3614,0.133035501,0.09
3615,0.348025508,0.1
3616,0.316864005,0.09
3617,0.167028896,0.08
3618,0.286010517,0.09
3619,0.397790812,0.11
3620,0.130549807,0.09
3621,0.383637314,0.07
3622,0.338768258,0.11
3625,0.28906216,0.11
3626,0.257031353,0.08
3627,0.374785173,0.11
3628,0.345306641,0.08
3629,0.198181512,0.1
3631,0.333634828,0.11
3632,0.31111497,0.08
3633,0.293611026,0.1
3634,0.287867007,0.08
3635,0.184865291,0.08
3636,0.143687594,0.08
3637,0.202031995,0.07
3638,0.114645991,0.09
3639,0.317927835,0.07
3640,0.154276577,0.1
3641,0.21251778,0.07
3642,0.250354809,0.1
3643,0.403336093,0.09
3647,0.337785683,0.07
3648,0.08393947,0.09
3649,0.453237695,0.1
3650,0.486863142,0.09
3652,0.09689968,0.09
3653,0.168822528,0.09
3654,0.281813692,0.11
3655,0.2892202,0.11
3656,0.253622769,0.1
3657,0.457278975,0.11
3658,0.232328368,0.08
3659,0.309390758,0.09
3660,0.257029292,0.1
3661,0.101392582,0.1
3662,0.086938994,0.1
3663,0.155064145,0.09
3665,0.310536159,0.11
3667,0.246925663,0.11
3668,0.212749887,0.11
3670,0.33253556,0.1
3672,0.101601816,0.09
3673,0.19499599,0.09
3674,0.475122988,0.08
3675,0.458102384,0.11
3676,0.301225171,0.08
3678,0.22678175,0.08
3679,0.238679362,0.08
3680,0.480519094,0.1
3681,0.227731932,0.08
3682,0.120349288,0.11
3683,0.053719141,0.09
3684,0.167751274,0.09
3686,0.235096779,0.09
3687,0.205895228,0.09
3689,0.175817441,0.11
3690,0.36962216,0.08
3691,0.18576651,0.09
3692,0.245686639,0.1
3693,0.173119863,0.1
3694,0.325309475,0.1
3695,0.1687539,0.08
3697,0.313097611,0.08
3698,0.35499227,0.09
3699,0.245063138,0.1
3700,0.383250227,0.08
3701,0.227146693,0.08
3702,0.077291629,0.11
3705,0.180318153,0.09
3706,0.203195229,0.1
3708,0.279340786,0.11
3709,0.2325205,0.11
3710,0.177159158,0.09
3711,NA,0.09
3712,0.276239995,0.13
3713,0.478589715,0.1
3715,0.138836539,0.08
3716,0.395721049,0.1
3717,0.304633666,0.09
3718,0.283598113,0.1
3720,0.265676789,0.08
3721,0.191246957,0.08
3724,0.272593981,0.1
3725,0.126199343,0.08
3726,0.191766425,0.08
3727,0.171004763,0.11
3728,0.30498722,0.08
3729,0.164894866,0.09
3730,0.247358422,0.08
3731,0.171223803,0.08
3732,0.177111294,0.09
3733,0.110503835,0.1
3734,0.230744524,0.08
3736,0.167240001,0.1
3737,0.241489182,0.08
3738,0.175521241,0.08
3739,0.366391054,0.08
3740,0.228880365,0.08
3741,0.135192849,0.11
3742,0.424492922,0.12
3744,0.223038981,0.09
3745,0.376699725,0.1
3746,0.060173386,0.08
3747,0.185715301,0.09
3748,0.188312349,0.09
3749,0.219468162,0.09
3750,0.078584482,0.09
3751,0.231139367,0.09
3752,NA,0.19
3754,0.103882842,0.11
3755,0.076817189,0.1
3756,0.204000295,0.12
3757,0.226975013,0.09
3758,0.203968804,0.09
3760,0.437264708,0.1
3761,0.360184226,0.1
3762,0.252359096,0.09
3763,0.238922818,0.09
3764,0.26137439,0.09
3765,0.28446819,0.09
3766,0.443606436,0.07
3767,0.214998835,0.08
3768,0.302380802,0.1
3769,0.197006271,0.11
3770,0.26233337,0.1
3771,0.398932663,0.09
3774,0.097229291,0.08
3775,0.250533152,0.11
3776,0.143430818,0.08
3777,0.795981417,0.1
3778,0.207801009,0.09
3780,0.358626139,0.11
3781,0.208830487,0.1
3782,0.356087839,0.1
3783,0.076459866,0.08
3784,0.484503312,0.09
3785,0.143085759,0.08
3786,0.24621772,0.08
3787,0.146882797,0.08
3788,0.444326712,0.08
3789,0.068860944,0.08
3790,0.22421137,0.08
3792,0.1558346,0.1
3793,0.265721218,0.07
3794,0.282864743,0.09
3795,0.194884757,0.09
3796,0.15263974,0.08
3797,0.335561695,0.09
3799,0.225859138,0.1
3801,0.164487861,0.09
3802,0.27379825,0.08
3803,0.598986633,0.1
3805,0.453190413,0.08
3806,0.159589557,0.1
3807,0.346959543,0.08
3808,0.230752611,0.11
3809,0.842656407,0.09
3810,0.28042799,0.09
3811,0.590213854,0.09
3812,0.443270668,0.09
3813,0.309138022,0.07
3814,0.187133991,0.08
3816,0.387401951,0.09
3818,0.224178347,0.11
3819,0.133247604,0.08
3820,0.306817503,0.09
3821,0.166721686,0.09
3822,0.183263557,0.09
3823,0.200489371,0.09
3825,0.14748373,0.1
3826,0.224805366,0.08
3827,0.204681232,0.09
3828,0.284850409,0.08
3829,0.65442081,0.07
3830,0.306884465,0.08
3831,0.64449651,0.1
3832,0.192372825,0.08
3833,0.295183565,0.08
3834,0.261456452,0.08
3835,0.175234292,0.09
3837,0.467979568,0.09
3838,0.200031734,0.1
3839,0.20935425,0.03
3841,0.065453577,0.08
3843,0.230150735,0.1
3844,0.14362047,0.09
3845,0.776692338,0.1
3846,0.165856434,0.09
3848,0.31450253,0.08
3849,0.153688321,0.08
3850,0.271422156,0.09
3852,0.394777418,0.09
3853,0.175722095,0.08
3854,0.223876528,0.08
3856,0.207295002,0.08
3857,0.364141741,0.09
3858,0.141679694,0.09
3859,0.121707261,0.07
3860,0.580289669,0.09
3861,0.195594636,0.07
3862,0.204187561,0.09
3863,0.031365927,0.08
3865,0.141322794,0.09
3866,0.191074734,0.09
3867,0.0311567,0.1
3868,0.092527082,0.09
3869,0.210227572,0.08
3870,0.439511879,0.09
3871,0.148129418,0.1
3873,0.163573971,0.09
3874,0.046630403,0.08
3875,0.171273722,0.08
3876,0.13818352,0.1
3878,0.239782443,0.08
3879,0.548595261,0.1
3880,0.231347177,0.09
3881,0.104912914,0.07
3882,0.080594996,0.09
3883,0.087996587,0.08
3884,0.111304836,0.07
3885,0.381646624,0.07
3887,0.315510973,0.08
3888,0.273888455,0.07
3889,0.173039394,0.09
3890,0.13528182,0.08
3891,0.126687858,0.08
3892,0.557197394,0.1
3893,0.176258262,0.1
3894,0.236755461,0.1
3895,0.214438134,0.09
3897,0.176883176,0.08
3899,0.204582573,0.09
3900,0.126966492,0.09
3902,0.172395621,0.1
3903,0.335255567,0.09
3904,0.146571389,0.09
3905,0.166592003,0.08
3907,0.314538023,0.1
3908,0.217367454,0.09
3909,0.105010409,0.08
3910,0.11710977,0.08
3911,0.235577737,0.08
3912,0.634993649,0.09
3913,0.2565407,0.08
3915,0.079218648,0.08
3916,0.305695372,0.08
3918,0.269185541,0.09
3919,0.161492662,0.1
3920,0.478701055,0.11
3921,0.19931636,0.09
3922,0.05633957,0.1
3923,0.248495825,0.11
3924,0.214634864,0.11
3925,0.146047204,0.1
3926,0.169917826,0.09
3927,0.261357251,0.09
3929,0.525981601,0.08
3930,0.153768426,0.08
3931,0.385786711,0.07
3932,0.111793653,0.1
3933,0.046551496,0.09
3934,0.098382707,0.07
3935,0.34451723,0.09
3936,NA,0.09
3937,0.195009519,0.09
3938,0.130242559,0.08
3939,0.356855006,0.11
3940,0.165396764,0.08
3941,0.38762286,0.09
3942,0.339559637,0.08
3943,0.084169897,0.08
3944,0.286780204,0.1
3945,0.220010548,0.08
3946,0.258636168,0.08
3947,0.209253601,0.1
3948,0.19090625,0.09
3950,0.115976144,0.1
3951,0.283813391,0.08
3952,0.145592604,0.11
3954,0.794184046,0.1
3955,0.116774287,0.09
3956,0.34560132,0.09
3957,0.283061217,0.11
3959,0.435700734,0.09
3960,0.416617582,0.08
3961,0.182106419,0.09
3963,0.239180561,0.07
3964,0.198329637,0.09
3965,0.206544298,0.07
3966,0.12472061,0.09
3967,0.232480196,0.1
3968,0.671694914,0.07
3969,0.275559676,0.08
3970,0.096152894,0.08
3971,0.465133658,0.07
3972,0.756953526,0.08
3973,0.148707658,0.07
3974,0.253295895,0.09
3976,0.247333823,0.11
3978,0.245149703,0.07
3979,0.483389868,0.07
3981,0.12971224,0.09
3982,0.387876287,0.11
3983,0.201416435,0.11
3984,0.068774636,0.1
3985,1.114243183,0.08
3986,0.168786279,0.09
3987,0.225575807,0.08
3989,0.197347942,0.08
3990,0.201707803,0.08
3991,0.281957369,0.08
3992,0.300692606,0.1
3993,0.19208429,0.09
3995,0.154454661,0.1
3996,0.102743104,0.08
3997,0.151174364,0.1
3999,0.183449452,0.09
4000,0.144542978,0.08
4001,0.480675655,0.08
4002,0.157025171,0.08
4003,0.236034868,0.08
4004,0.307611285,0.08
4005,0.109773392,0.09
4006,0.426733542,0.08
4007,0.23705573,0.08
4010,0.362847598,0.1
4011,0.165990278,0.08
4012,0.274225717,0.07
4013,0.202290093,0.1
4014,0.530426929,0.09
4015,0.217842996,0.11
4016,0.182409991,0.11
4017,0.271558762,0.09
4018,0.162102372,0.07
4019,0.447456926,0.08
4021,0.181532598,0.08
4022,0.175637558,0.09
4023,0.274246498,0.08
4024,0.150033533,0.09
4025,0.101376221,0.1
4026,0.290077586,0.08
4027,0.306643607,0.09
4028,0.372196228,0.03
4029,0.228172383,0.09
4030,0.167074755,0.1
4031,0.15620898,0.09
4032,0.278001932,0.07
4033,0.245773598,0.1
4034,0.17895262,0.1
4035,0.470324846,0.07
4037,0.262080416,0.1
4038,0.252149912,0.08
4039,0.253719398,0.1
4040,0.256219468,0.09
4041,0.169594709,0.08
4042,0.720476625,0.09
4045,0.43287715,0.03
4046,0.144103593,0.1
4048,0.114361794,0.07
4049,0.248409232,0.08
4050,0.177102916,0.09
4051,0.230529796,0.08
4052,0.395440117,0.09
4053,0.166838943,0.09
4054,0.189216544,0.08
4055,0.05551633,0.09
4056,0.386845924,0.09
4059,0.25061319,0.1
4060,0.100892173,0.09
4063,0.116339806,0.08
4064,0.552877656,0.08
4065,0.056311737,0.11
4067,0.758097657,0.08
4069,0.180675156,0.08
4070,0.226096372,0.11
4072,0.372509065,0.08
4073,0.296996354,0.11
4074,0.379391959,0.1
4075,0.083129015,0.09
4076,0.575872005,0.09
4077,0.247165576,0.09
4078,0.442578232,0.08
4079,0.146445903,0.11
4080,0.382551868,0.08
4081,0.232875975,0.09
4082,0.045326613,0.1
4083,0.387496532,0.07
4084,0.341445447,0.08
4085,0.097688101,0.11
4086,0.219398195,0.09
4087,0.133142883,0.09
4088,0.190562999,0.09
4089,0.715688936,0.09
4090,0.067071119,0.1
4092,0.155775966,0.08
4093,0.246062042,0.1
4094,0.149880534,0.09
4095,0.207059809,0.09
4097,0.179900476,0.08
4098,0.13503747,0.09
4099,0.146587575,0.08
4100,0.100967809,0.08
4101,0.186662572,0.08
4102,0.258451969,0.08
4103,0.494573777,0.09
4104,0.170986534,0.08
4105,NA,0.09
4107,0.126635686,0.09
4109,0.478608289,0.09
4111,0.472349666,0.11
4114,0.21731249,0.08
4115,0.154333697,0.09
4116,0.256586812,0.08
4117,0.217405741,0.08
4119,0.396684774,0.01
4120,0.367146111,0.08
4121,0.240043055,0.08
4122,0.03163986,0.09
4124,0.115933054,0.08
4125,0.372249601,0.08
4126,0.239911712,0.09
4128,0.170379629,0.08
4129,0.339242573,0.08
4130,0.268709385,0.08
4131,0.16687002,0.1
4132,0.116660602,0.11
4133,0.271757205,0.11
4135,0.169246002,0.1
4136,0.270038953,0.09
4137,0.165263158,0.08
4138,0.151823951,0.08
4139,NA,0.11
4140,0.223452636,0.09
4141,0.144309248,0.08
4142,0.220694553,0.1
4143,0.12381704,0.08
4144,0.378729768,0.08
4145,0.150632872,0.09
4146,0.159813235,0.08
4147,0.286592876,0.08
4148,0.227616948,0.08
4149,0.243098886,0.08
4150,0.200271084,0.08
4153,0.238531709,0.09
4155,0.15501594,0.1
4156,0.453612621,0.08
4157,0.092550033,0.08
4159,0.28816527,0.09
4160,0.164923714,0.07
4161,0.372034181,0.08
4162,0.124041212,0.11
4163,1.897209727,0.11
4164,0.24097274,0.09
4165,0.272569793,0.11
4166,0.317225378,0.1
4167,0.202378213,0.09
4169,0.297785253,0.09
4170,0.295618083,0.12
4171,0.203481421,0.09
4172,0.180980085,0.07
4173,0.2058555,0.09
4174,0.315157662,0.1
4175,0.397077452,0.08
4176,0.491313858,0.09
4177,0.171561475,0.08
4178,0.169039047,0.08
4179,0.254177591,0.07
4180,0.165888692,0.11
4181,0.305502531,0.08
4182,0.167907489,0.08
4183,0.137569087,0.08
4184,0.147496048,0.11
4185,0.1268932,0.09
4186,0.16659394,0.09
4187,0.243784408,0.08
4188,0.323673787,0.1
4189,0.100700667,0.09
4190,0.430534308,0.08
4191,0.240796207,0.08
4192,0.232688328,0.09
4193,0.390692887,0.08
4194,0.612743054,0.1
4195,0.238205044,0.1
4197,0.540439401,0.09
4198,0.440322213,0.11
4199,0.248792356,0.13
4200,0.150765963,0.1
4201,0.233448293,0.11
4202,0.094920434,0.12
4203,0.234586219,0.09
4204,0.079871664,0.08
4205,0.112172789,0.08
4207,0.496779569,0.09
4209,0.318801514,0.07
4210,0.150966078,0.09
4211,0.190257905,0.1
4212,0.316189848,0.07
4213,0.277428611,0.09
4215,0.124245017,0.04
4217,0.125963115,0.08
4218,0.132421053,0.08
4219,0.203756317,0.1
4221,0.38120186,0.1
4222,0.170697345,0.11
4223,0.298599163,0.08
4225,0.432097463,0.1
4226,0.355801337,0.1
4229,0.105619023,0.01
4230,0.319225466,0.09
4231,0.160079779,0.09
4232,0.128228783,0.07
4233,0.599298416,0.08
4234,0.415947724,0.1
4235,0.196069889,0.09
4236,0.090998231,0.1
4238,0.711628613,0.17
4239,0.377624514,0.08
4240,0.417040644,0.08
4241,0.170503059,0.08
4242,0.078691789,0.08
4243,0.149077773,0.11
4244,0.105540552,0.1
4245,0.1427503,0.24
4246,0.081772655,0.11
4247,0.235944976,0.09
4248,0.312013328,0.09
4249,0.377948149,0.08
4251,0.066246789,0.08
4252,0.363636541,0.09
4253,0.178205836,0.14
4255,0.114908267,0.11
4257,0.115041878,0.1
4258,0.161459882,0.11
4259,0.215061218,0.09
4261,0.323826593,0.11
4262,0.370001366,0.13
4263,0.37033794,0.09
4264,0.20405396,0.1
4265,0.020858098,0.09
4266,0.146436139,0.13
4267,0.405520769,0.11
4268,0.240024645,0.09
4269,0.323298235,0.09
4270,0.176869249,0.08
4271,0.354671101,0.08
4272,0.122456655,0.1
4273,0.510996945,0.09
4274,0.565147754,0.09
4275,0.407457916,0.1
4276,0.320441645,0.08
4279,0.24650267,0.08
4281,0.38464334,0.1
4283,0.099781476,0.11
4284,0.296961251,0.1
4285,0.474238694,0.14
4286,0.111077525,0.09
4287,0.185421203,0.08
4288,0.216880655,0.14
4289,0.207671481,0.09
4290,0.111172289,0.09
4291,0.263031331,0.1
4293,0.246826461,0.09
4294,0.264021154,0.11
4295,0.410986369,0.1
4296,0.226523876,0.11
4297,0.387838482,0.92
4299,0.100965788,0.09
4300,0.147752099,0.1
4301,0.209797004,0.09
4302,0.508731984,0.79
4303,0.183145969,0.09
4305,0.327661261,0.2
4306,0.132493876,0.09
4307,0.116476303,0.09
4308,0.121320398,0.09
4309,0.37556916,0.1
4311,0.680080619,0.09
4312,0.223348063,0.15
4313,0.172361625,0.32
4314,0.179861224,0.2
4315,0.221710606,0.14
4316,0.200053183,0.13
4317,0.070005714,0.34
4318,0.513372874,0.12
4319,0.24615365,0.1
4322,0.416765435,0.34
4323,0.353750301,0.11
4324,0.249233277,0.08
4325,0.153690204,0.1
4326,0.196173056,0.11
4327,0.052413425,0.12
4329,0.191810709,0.17
4330,0.154772679,0.17
4331,0.116083659,0.12
4332,0.167594828,0.45
4334,0.325109421,0.1
4335,0.440944195,0.08
4336,0.232029962,0.1
4339,0.096703676,0.09
4340,0.14885658,0.13
4341,0.145446386,0.28
4342,0.211108866,0.84
4343,0.024171914,0.14
4344,0.409150322,0.09
4345,0.038087834,0.11
4346,0.330948038,0.61
4347,0.183145039,0.11
4348,0.191573156,0.09
4349,0.797638317,0.1
4350,0.18042411,0.09
4352,0.589448994,0.11
4354,0.275661052,0.09
4355,0.232936509,0.09
4356,0.173796343,0.09
4358,0.245085436,0.11
4359,0.197780964,0.11
4360,0.167787958,0.1
4361,0.240322001,0.09
4363,0.210708031,0.09
4364,0.10890404,0.1
4365,0.457509684,0.24
4367,0.196842688,0.31
4369,0.231204507,0.17
4371,0.306468281,0.13
4372,0.166976932,0.09
4373,0.220837366,0.1
4374,0.350786602,0.11
4375,0.102793306,0.16
4377,0.294319342,0.11
4378,0.16395372,0.12
4379,0.248710236,0.13
4380,0.168878968,0.11
4381,0.208716853,0.1
4382,0.097664135,0.12
4383,0.219609145,0.11
4384,0.43810288,0.1
4385,0.347040162,0.1
4386,0.183888039,0.11
4388,0.349897836,0.11
4389,0.094931912,0.14
4390,0.259705774,0.09
4391,0.382244869,0.1
4392,0.50288015,0.09
4393,0.553846308,0.11
4394,0.203554838,0.34
4396,0.28632553,0.09
4397,0.27125099,0.11
4398,0.189421599,0.13
4399,0.180736295,0.16
4400,0.422768898,0.2
4401,0.951463211,0.1
4402,0.193302854,0.09
4404,0.189623955,0.09
4405,0.244004234,0.11
4407,0.171113197,0.1
4408,0.465156807,0.11
4409,0.245265806,0.13
4410,0.330421434,0.11
4411,0.192704121,0.08
4412,0.232291195,0.08
4413,0.570845777,0.09
4414,0.333843643,0.09
4415,0.305628802,0.11
4416,0.668188224,0.49
4417,0.18621444,0.11
4418,0.370542552,0.09
4419,0.126668163,0.13
4420,0.331554666,0.09
4421,0.015758937,0.1
4422,0.170641183,0.09
4423,0.180767628,0.11
4424,0.15906391,0.12
4425,0.149642194,0.36
4426,0.133280814,0.09
4428,0.181126213,0.11
4431,0.301455077,0.13
4433,0.192206213,0.16
4434,0.099974809,0.14
4437,0.132509631,0.11
4438,0.213563856,0.13
4440,0.246476477,0.11
4441,0.197967199,0.1
4442,0.215552394,0.11
4443,0.150051868,0.13
4445,0.152619531,0.09
4446,0.198454967,0.1
4448,0.804086329,0.13
4449,0.229856222,0.1
4450,0.104829524,0.1
4451,0.169244308,0.1
4452,0.159918624,0.08
4453,0.377794934,0.08
4454,0.121042267,0.1
4455,0.141478127,0.11
4456,0.0901779,0.1
4458,0.264932297,0.11
4459,0.405446075,0.11
4460,0.854182576,0.11
4461,0.462031766,0.11
4462,0.203208203,0.09
4463,0.080435337,0.08
4464,0.156393108,0.08
4465,1.162829917,0.11
4469,0.210827663,0.08
4470,0.260728807,0.08
4471,0.328349237,0.09
4472,0.54618999,0.09
4473,0.100152611,0.11
4474,0.225414594,0.09
4476,0.302540436,0.1
4477,0.327462481,0.08
4479,0.729463586,0.09
4480,0.194904623,0.11
4481,0.359663094,0.08
4482,0.255568575,0.1
4483,0.158789617,0.09
4484,0.408137992,0.09
4485,0.280751816,0.1
4486,0.066408973,0.11
4488,0.1613474,0.1
4489,0.306889026,0.09
4490,0.228380593,0.08
4491,0.252173119,0.1
4492,0.074616616,0.12
4493,0.409304911,0.1
4494,0.185396302,0.1
4495,0.218833542,0.08
4496,0.114743222,0.1
4497,0.766975939,0.1
4498,0.048943642,0.1
4499,0.167962593,0.11
4500,0.36557276,0.08
4501,0.312961438,0.11
4502,0.34632977,0.08
4504,0.280955287,0.09
4505,0.278965588,0.1
4506,0.323849898,0.13
4507,0.479041855,0.1
4508,0.214664619,0.09
4509,0.289219329,0.1
4510,0.198828859,0.07
4511,0.274652978,0.07
4512,0.109348543,0.09
4513,0.277655178,0.1
4514,0.245590839,0.1
4515,0.297646219,0.09
4516,0.271215422,0.08
4517,0.43539338,0.09
4518,0.448296927,0.09
4519,0.061931129,0.13
4520,0.158782235,0.11
4521,0.084558233,0.09
4522,0.126158355,0.08
4523,0.300916378,0.09
4524,0.145862899,0.08
4526,0.499115938,0.11
4527,0.18730797,0.11
4528,0.210561488,0.09
4530,0.212101702,0.09
4531,0.242734129,0.09
4532,0.227887694,0.12
4533,0.388576173,0.11
4534,0.159864814,0.09
4535,0.170832404,0.11
4536,0.23364864,0.13
4539,0.737375039,0.11
4540,0.343829079,0.11
4541,0.49549011,0.11
4542,0.395528599,0.11
4543,0.396262899,0.12
4545,0.420467315,0.09
4546,0.154664104,0.08
4547,0.275217861,0.09
4548,0.200778961,0.09
4549,0.307966227,0.09
4550,0.207340107,0.09
4551,0.087123407,0.09
4552,0.338455058,0.09
4555,0.063797993,0.1
4556,0.286934631,0.09
4557,0.229701007,0.11
4558,0.35573692,0.08
4559,0.596802336,0.08
4560,0.25170686,0.08
4561,0.076235002,0.1
4562,0.190553916,0.08
4563,0.177843877,0.09
4564,0.370216283,0.14
4565,0.197211031,0.14
4567,0.211915136,0.1
4568,0.406109697,0.1
4569,0.166975219,0.09
4570,0.094831871,0.09
4571,0.101098402,0.08
4573,0.113554911,0.1
4574,0.516370241,0.1
4575,0.497839625,0.08
4576,0.396229009,0.09
4577,0.380894746,0.1
4578,0.237876487,0.08
4579,0.243982776,0.08
4580,0.197411327,0.08
4581,0.276146262,0.1
4582,0.27505794,0.08
4583,0.808811929,0.08
4584,0.381023021,0.09
4585,0.163269834,0.07
4587,0.234219304,0.07
4588,0.326190218,0.08
4589,0.444742436,0.08
4590,0.365063828,0.1
4591,0.532922324,0.1
4592,0.155240214,0.07
4593,0.161291537,0.09
4594,0.130949724,0.09
4595,0.302776372,0.08
4596,0.215576933,0.08
4597,0.11139374,0.08
4599,0.553540421,0.1
4600,0.217578569,0.1
4601,0.639517754,0.11
4603,0.309970511,0.07
4604,0.425439326,0.09
4608,0.154200817,0.08
4609,0.117853595,0.07
4611,0.262454506,0.08
4612,0.45416421,0.1
4613,0.358545312,0.1
4615,0.174697794,0.08
4616,0.216875586,0.09
4618,0.1985997,0.1
4619,0.177917408,0.09
4620,0.201276554,0.08
4621,0.168395786,0.09
4622,0.275991499,0.1
4623,0.042103946,0.1
4624,0.148750125,0.1
4625,0.08392746,0.09
4626,0.126559667,0.11
4627,0.322687145,0.1
4628,0.137252809,0.1
4629,0.588832388,0.04
4632,0.24274828,0.11
4634,0.235244648,0.09
4635,0.199578749,0.09
4636,0.103329412,0.11
4638,0.127484085,0.09
4640,0.335882297,0.08
4641,0.212575347,0.08
4642,0.24257814,0.08
4643,0.243579555,0.11
4644,0.164304138,0.1
4645,0.200740317,0.09
4646,0.145546038,0.07
4649,0.222007499,0.1
4651,0.385557908,0.08
4652,0.377313158,0.1
4653,0.179588984,0.09
4654,0.300306693,0.11
4657,0.093803735,0.11
4658,0.22836584,0.12
4660,0.126836975,0.09
4661,0.173738043,0.15
4662,0.293125717,0.1
4663,0.259357191,0.11
4664,0.06897769,0.07
4665,0.125814782,0.1
4666,0.143522862,0.1
4669,0.138662988,0.09
4670,0.096825538,0.09
4671,0.183537362,0.09
4672,0.139332096,0.09
4673,0.165227452,0.1
4674,0.243840583,0.1
4675,0.14643764,0.11
4676,0.244224621,0.11
4677,0.269133521,0.1
4678,0.117140866,0.09
4680,0.114551383,0.09
4682,0.387354824,0.09
4683,0.173288499,0.03
4684,0.300341873,0.09
4686,0.3384568,0.1
4688,0.17737021,0.11
4689,0.221039422,0.09
4690,0.587599043,0.11
4691,0.167692753,0.1
4693,0.178349806,0.09
4694,0.163159753,0.1
4695,0.782528346,0.1
4696,0.182056283,0.1
4697,0.246913933,0.09
4698,0.401490668,0.11
4699,0.127135499,0.1
4700,0.392696484,0.11
4701,0.137867729,0.11
4702,0.315813295,0.09
4703,0.285007627,0.11
4704,0.130202126,0.09
4705,0.308113749,0.11
4706,0.370125439,0.09
4707,0.278739888,0.11
4708,0.318285772,0.11
4709,0.157577253,0.11
4710,0.145718676,0.08
4711,0.189133856,0.09
4712,0.171535811,0.08
4713,0.273381075,0.1
4714,0.23878999,0.1
4715,0.088067323,0.1
4717,0.27311864,0.08
4718,0.157363975,0.09
4719,0.386098908,0.11
4720,0.148340073,0.1
4721,0.222495382,0.11
4723,0.222213904,0.09
4724,0.196940048,0.11
4725,0.244895758,0.09
4726,0.23686066,0.1
4727,0.684889697,0.09
4730,0.263285601,0.11
4732,0.266100082,0.08
4733,0.163791549,0.11
4734,0.199108992,0.09
4735,0.188199422,0.1
4736,0.116224524,0.11
4738,0.059749707,0.1
4740,0.143752823,0.09
4741,0.27952416,0.07
4742,0.077357537,0.09
4743,0.374976053,0.08
4744,0.135246585,0.09
4745,0.137854213,0.11
4746,0.162444256,0.09
4747,0.134868706,0.09
4748,0.386759287,0.08
4749,0.273713021,0.08
4750,0.17748394,0.08
4751,0.110659785,0.1
4753,0.143392427,0.08
4754,0.135445055,0.1
4755,0.176961512,0.08
4756,0.151613519,0.09
4757,0.177591637,0.1
4758,0.343219736,0.11
4759,0.404843744,0.09
4760,0.097984933,0.07
4761,0.145193484,0.11
4762,0.281894287,0.1
4763,0.124456333,0.13
4765,0.242515042,0.28
4766,0.160707841,0.1
4769,0.235528603,0.01
4770,0.297480477,0.08
4771,0.276702337,0.08
4772,0.205828654,0.1
4773,0.210200398,0.09
4774,0.215637004,0.1
4775,0.188635467,0.08
4776,0.238681099,0.09
4777,0.239746999,0.13
4778,0.197023906,0.09
4779,0.31960475,0.09
4780,0.19179732,0.09
4781,0.205094904,0.08
4782,0.3045824,0.09
4784,0.278329571,0.07
4785,0.26090286,0.08
4787,0.141071288,0.09
4788,0.240266504,0.08
4789,0.122424441,0.09
4790,0.368253381,0.12
4791,0.1656469,0.12
4792,0.04072163,0.09
4793,0.536268428,0.09
4794,0.496520893,0.1
4795,0.089286462,0.07
4796,0.327010513,0.09
4798,0.442345743,0.11
4799,0.140100363,0.36
4800,0.261932891,0.12
4801,0.127848292,0.09
4803,0.621918803,0.12
4804,0.110494881,0.08
4805,0.221145806,0.11
4806,0.130561595,0.1
4807,0.335780726,0.11
4809,0.1698507,0.1
4810,0.419817355,0.13
4811,0.364788716,0.1
4813,0.175981311,0.11
4814,0.177036537,0.12
4815,0.290962543,0.09
4816,0.184806173,0.09
4817,0.206493785,0.09
4818,0.163953684,0.09
4819,0.288151811,0.09
4820,0.140216158,0.09
4821,0.360498863,0.03
4822,0.195917557,0.16
4823,0.095373789,0.11
4824,0.166789127,0.09
4825,0.381971327,0.11
4826,0.373633283,0.09
4827,0.192627776,0.09
4828,NA,0.14
4829,0.325687653,0.11
4830,0.455877137,0.11
4831,0.149766359,0.09
4833,0.305077981,0.12
4834,0.244277381,0.09
4835,0.09051307,0.08
4836,0.20415239,0.09
4837,0.324390163,0.1
4838,0.253481143,0.12
4839,0.527560905,0.09
4840,0.189114823,0.09
4841,0.354118682,0.09
4842,0.087428083,0.11
4844,0.144730006,0.11
4845,0.3077486,0.03
4846,0.175831367,0.11
4847,0.357691864,0.08
4849,0.231737907,0.07
4850,0.531814504,0.11
4851,0.404035477,0.08
4852,0.196903983,0.09
4854,0.077829371,0.09
4855,0.164079388,0.09
4856,0.17239703,0.09
4857,0.105288058,0.03
4858,0.428550823,0.13
4861,0.253096281,0.1
4862,0.280380926,0.1
4864,0.284978053,0.09
4865,0.213944468,0.09
4866,0.033926699,0.13
4867,0.491446451,0.11
4868,0.604759785,0.11
4869,0.30028158,0.12
4870,0.229086724,0.16
4871,0.271182395,0.12
4873,0.431429446,0.12
4875,0.500331734,0.11
4876,0.21088378,0.09
4877,0.275054481,0.1
4878,0.194144727,0.11
4879,0.077104164,0.09
4880,0.520273642,0.12
4882,0.353791195,0.14
4884,0.377544291,0.09
4885,0.1930733,0.11
4886,0.423141321,0.13
4887,0.238497083,0.08
4888,0.350045134,0.08
4889,0.290154128,0.11
4891,0.045138816,0.1
4892,0.169134422,0.1
4893,0.13973996,0.11
4894,0.229916116,0.11
4895,0.401703944,0.08
4896,0.280250194,0.09
4897,0.275141235,0.12
4901,0.355357391,0.11
4902,0.282589594,0.14
4903,0.131446218,0.1
4904,0.25943563,0.11
4905,0.032312751,0.12
4906,0.203701252,0.1
4907,0.167278764,0.19
4909,0.283243158,0.17
4910,0.269821332,0.31
4911,0.208909761,0.09
4913,0.163954094,0.11
4914,0.167491502,0.14
4915,0.350316537,0.19
4916,0.196613471,0.11
4917,0.240918124,0.12
4918,0.106267925,0.14
4919,0.230793178,0.1
4920,0.27000277,0.11
4922,0.219791077,0.11
4923,0.487999861,0.14
4924,0.153502924,0.11
4925,0.33861397,0.1
4926,0.171162807,0.08
4927,0.461368114,0.11
4930,0.462513159,0.1
4931,0.277839778,0.1
4932,0.31360033,0.09
4933,0.148236903,0.08
4934,0.165445796,0.09
4935,0.429999905,0.08
4936,0.27408824,0.09
4939,0.018833118,0.09
4940,0.451523986,0.09
4941,0.151640526,0.08
4942,0.086285957,0.09
4944,0.460882265,0.09
4946,0.171584023,0.09
4947,0.281514052,0.08
4948,0.174110245,0.12
4949,0.156200277,0.11
4950,0.149264395,0.11
4952,0.207179261,0.1
4953,0.385474857,0.09
4954,0.254600158,0.09
4955,0.639715204,0.11
4956,0.17438305,0.11
4957,0.338255203,0.1
4958,0.261070524,0.13
4959,0.211900752,0.13
4960,0.193009424,0.11
4961,0.086286284,0.09
4962,0.142887018,0.09
4963,0.030218177,0.13
4964,0.829125831,0.14
4965,0.251611921,0.13
4966,0.204764207,0.13
4967,0.065820926,0.05
4968,0.259512388,0.11
4969,0.234223087,0.12
4970,0.136835752,0.12
4973,0.214502348,0.11
4974,0.279055257,0.12
4976,0.569743491,0.12
4977,0.182587361,0.11
4980,0.133537474,0.11
4981,0.074513862,0.13
4982,0.215193865,0.15
4983,0.138872416,0.11
4984,0.100642716,0.14
4985,0.316555539,0.13
4986,0.065573986,0.09
4987,0.116319582,0.11
4988,0.184939271,0.09
4989,0.228484022,0.1
4990,0.17590113,0.13
4992,0.12600112,0.13
4993,0.200707067,0.09
4994,0.450491333,0.1
4995,0.546544303,0.09
4996,0.451423556,0.09
4997,0.116059934,0.1
5000,0.249329361,0.09
5001,0.167484834,0.1
5002,0.134294371,0.09
5003,0.384767565,0.11
5004,0.054920597,0.07
5005,0.121036928,0.09
5006,0.197068546,0.07
5007,0.478407902,0.08
5008,0.394645235,0.08
5009,0.389505485,0.09
5011,0.379965578,0.1
5012,0.130324172,0.09
5013,0.14132056,0.11
5014,0.101942878,0.11
5015,0.151624906,0.11
5016,0.19840142,0.11
5018,0.460453006,0.11
5019,0.161978458,0.09
5020,0.297822206,0.09
5021,0.331747099,0.08
5022,0.308761067,0.11
5023,0.154613737,0.1
5024,0.21289548,0.08
5025,0.329267061,0.08
5026,0.332073863,0.1
5027,0.300945962,0.1
5028,0.258368945,0.1
5030,0.436965672,0.07
5033,0.096245798,0.07
5034,0.276258951,0.11
5035,NA,0.08
5036,0.367323701,0.11
5037,0.244179329,0.11
5038,0.280388153,0.08
5039,0.248771589,0.09
5040,0.134838915,0.09
5041,0.244467045,0.1
5042,0.243967967,0.1
5043,0.547483279,0.09
5044,0.097446156,0.1
5045,0.099531756,0.09
5046,NA,0.09
5047,0.204482041,0.08
5048,0.307322371,0.11
5049,0.247538043,0.08
5050,0.208108957,0.11
5051,0.277647137,0.09
5052,0.352307687,0.09
5053,0.114943221,0.1
5055,0.280471165,0.07
5056,0.131105432,0.1
5057,0.14929562,0.1
5058,0.469646836,0.09
5059,0.17813291,0.08
5060,0.403799196,0.13
5061,0.361935176,0.11
5064,0.234297105,0.07
5065,0.308926317,0.07
5067,0.412836344,0.1
5068,0.69655871,0.09
5069,0.86956109,0.07
5070,0.16482517,0.09
5071,0.14053527,0.08
5072,0.087262546,0.1
5074,0.437186552,0.08
5075,0.044051662,0.09
5076,0.300438744,0.08
5077,0.262329936,0.08
5078,0.084994504,0.07
5079,0.077866953,0.09
5081,0.108729529,0.08
5082,0.20858977,0.08
5083,0.186146039,0.09
5084,0.399888461,0.11
5085,0.170943427,0.09
5086,0.350610498,0.08
5087,0.352331994,0.1
5088,0.285886565,0.1
5089,0.310787517,0.09
5090,0.21834991,0.11
5091,0.360851191,0.08
5092,0.032603127,0.08
5094,0.326233948,0.08
5095,0.175495883,0.09
5096,0.285281957,0.11
5098,0.18614158,0.08
5099,0.084806472,0.11
5101,0.302005846,0.1
5102,0.185773552,0.09
5103,0.164881639,0.13
5104,0.214571714,0.1
5105,0.222029391,0.11
5106,0.582237044,0.07
5107,0.083058511,0.07
5108,0.245648879,0.09
5109,0.060808822,0.08
5110,0.324095373,0.09
5112,0.162348646,0.09
5113,0.457846071,0.08
5114,0.202374561,0.09
5115,0.213216452,0.07
5116,0.262207751,0.1
5117,0.077561962,0.09
5119,0.11426581,0.11
5120,0.140933729,0.1
5121,0.205739271,0.13
5122,0.115358696,0.11
5123,0.062150877,0.09
5124,0.30245261,0.11
5125,0.332156369,0.1
5127,0.322822336,0.08
5129,0.30061177,0.13
5130,0.277715667,0.1
5131,0.294732375,0.09
5132,0.606172153,0.11
5135,0.385051168,0.08
5136,0.012173544,0.09
5137,0.163965195,0.12
5138,0.245527241,0.12
5139,0.368828808,0.09
5140,0.048824845,0.11
5142,0.262491762,0.08
5144,0.231229405,0.08
5145,0.210941161,0.09
5146,0.375891612,0.08
5147,0.364865613,0.09
5148,0.162595809,0.08
5149,0.225501938,0.1
5150,0.182410366,0.08
5151,0.122195188,0.09
5152,0.178764976,0.09
5153,0.158709472,0.08
5154,0.254706701,0.08
5155,0.47182874,0.09
5156,0.322159562,0.08
5157,0.178554415,0.11
5158,0.294037049,0.21
5159,0.240441349,0.11
5160,0.112019066,0.07
5161,0.219634604,0.09
5162,0.239455853,0.09
5164,0.112575309,0.1
5165,0.373635667,0.09
5166,0.172444576,0.09
5167,0.295076165,0.1
5169,0.063432955,0.09
5170,0.30210631,0.09
5171,0.164761215,0.08
5172,0.302511075,0.11
5173,0.252915435,0.1
5174,0.186064774,0.08
5175,0.055049687,0.1
5177,0.26073663,0.1
5178,0.195072398,0.08
5179,0.222515458,0.08
5180,0.240654753,0.1
5182,0.290691587,0.09
5183,0.14014777,0.1
5184,0.305450298,0.09
5185,0.212468568,0.09
5186,0.499839828,0.1
5187,0.349701192,0.09
5188,0.144102957,0.09
5189,0.145904647,0.09
5190,0.188154867,0.08
5191,0.293080415,0.07
5192,0.240097726,0.13
5193,0.137057799,0.09
5194,0.500335459,0.1
5195,0.497905059,0.1
5196,0.174833757,0.08
5198,0.453289916,0.09
5199,0.459909284,0.11
5200,0.172891629,0.07
5201,0.159764673,0.09
5203,0.396432853,0.07
5205,0.07953688,0.1
5206,0.197365716,0.1
5207,0.197550612,0.09
5208,0.273725601,0.11
5210,0.249729724,0.11
5212,0.20200028,0.1
5214,0.188882052,0.02
5215,0.100936095,0.08
5217,0.19787265,0.08
5218,0.183576132,0.08
5219,0.189502419,0.09
5220,0.304270316,0.1
5222,0.104905739,0.08
5223,0.20865766,0.07
5224,0.137525448,0.09
5225,0.311819877,0.09
5226,0.169098103,0.09
5227,0.227095833,0.09
5228,0.173736506,0.09
5229,1.448243982,0.09
5230,0.646609211,0.09
5232,0.27601314,0.1
5233,0.132368843,0.1
5234,0.175225134,0.08
5235,0.233329353,0.08
5236,0.184414982,0.11
5237,0.088159069,0.09
5238,0.296414339,0.1
5239,0.39959444,0.08
5240,0.099501598,0.1
5241,0.650343093,0.08
5242,0.039469232,0.1
5243,0.412498486,0.08
5244,0.177133095,0.09
5245,0.250374096,0.07
5246,0.466562157,0.09
5247,0.133378622,0.08
5248,0.253672504,0.08
5249,0.394236957,0.11
5251,0.22745129,0.09
5253,0.115970788,0.08
5254,0.344328437,0.08
5256,0.45983669,0.03
5257,0.203389817,0.1
5258,0.341990888,0.08
5259,0.1202756,0.1
5260,NA,0.14
5261,0.476415849,0.09
5262,0.414216327,0.1
5263,0.078993953,0.08
5265,0.51814486,0.08
5266,0.407778302,0.09
5269,0.546565756,0.08
5270,0.281237472,0.1
5271,0.217372103,0.14
5272,0.16484888,0.16
5273,0.146020834,0.11
5274,0.326918941,0.14
5275,0.201319955,0.2
5277,0.206831685,0.11
5278,0.194567216,0.14
5279,0.713178336,0.09
5280,0.312760177,0.11
5281,0.355884167,0.08
5283,0.282820648,0.13
5285,0.151270023,0.12
5287,NA,0.14
5288,0.281943651,0.47
5290,0.271004221,0.19
5291,0.169801351,0.14
5292,0.177997693,0.11
5294,0.337454734,0.09
5295,0.279059672,0.55
5296,0.14875228,0.21
5297,0.281437745,0.14
5298,1.056162628,0.27
5299,0.183626949,0.14
5300,0.084550772,0.11
5301,0.256685524,0.08
5305,0.167456611,0.12
5306,0.095376624,0.13
5307,0.23118848,0.1
5308,0.130189512,0.08
5309,0.283104689,0.08
5310,0.167822966,0.1
5311,0.172575689,0.08
5314,0.649294269,0.11
5315,0.125437781,0.09
5316,0.16582235,0.08
5317,0.238283567,0.1
5318,0.972293597,0.07
5319,0.195908688,0.08
5323,0.40256894,0.09
5324,0.261208898,0.08
5325,0.055097378,0.08
5326,0.096889165,0.08
5328,0.211429302,0.1
5330,0.367491786,0.09
5331,0.332663907,0.08
5332,0.483191767,0.08
5333,0.243624018,0.09
5334,0.335930151,0.08
5335,0.169764919,0.09
5336,0.097514079,0.07
5337,0.120880201,0.12
5338,0.261954574,0.12
5339,0.179393032,0.19
5340,0.242099704,0.09
5343,0.228526327,0.1
5344,0.354980137,0.08
5345,0.464667779,0.1
5346,0.148457338,0.11
5347,0.339494045,0.08
5348,0.183034768,0.11
5349,0.179545652,0.1
5350,0.240707949,0.09
5351,0.170663626,0.09
5352,0.68004403,0.09
5353,0.138168078,0.08
5354,0.185206122,0.09
5355,0.396131124,0.11
5356,NA,0.1
5357,NA,0.08
5358,0.232852967,0.11
5359,0.694542653,0.09
5360,0.542007263,0.09
5361,0.423128513,0.08
5362,0.191397174,0.1
5363,0.653712858,0.1
5364,0.271194806,0.09
5366,0.162468262,0.08
5367,0.167056546,0.09
5368,0.110657766,0.11
5369,0.124593574,0.08
5370,0.346337616,0.08
5372,0.322529751,0.11
5373,0.409397972,0.09
5374,0.182653372,0.1
5375,0.259080387,0.11
5376,0.181029062,0.1
5377,0.095323625,0.09
5378,0.154153021,0.09
5379,0.079865159,0.09
5380,0.156915787,0.08
5381,0.293601435,0.1
5382,0.2809363,0.1
5383,0.3714489,0.09
5385,0.174068813,0.1
5386,0.278169807,0.08
5387,0.835715389,0.08
5388,0.17492546,0.07
5389,0.173894785,0.13
5390,0.16012207,0.09
5391,0.106987421,0.09
5392,0.243425289,0.1
5394,0.279344966,0.08
5396,0.374702367,0.11
5397,0.221451701,0.12
5398,0.16320613,0.1
5399,0.339681976,0.11
5400,0.338061493,0.09
5401,0.307085323,0.09
5402,0.073277478,0.1
5403,0.224459842,0.09
5405,0.191000732,0.14
5406,0.171682911,0.08
5408,0.296103334,0.09
5409,0.366019435,0.1
5410,0.310105409,0.08
5411,0.063046557,0.09
5412,0.262521194,0.1
5413,0.112858842,0.1
5415,0.08449277,0.08
5417,0.224038683,0.08
5418,0.323152313,0.07
5420,0.130473601,0.09
5421,0.255442934,0.09
5422,0.056773475,0.09
5424,0.133750413,0.11
5425,0.188130599,0.08
5426,0.20133611,0.1
5428,0.214826903,0.08
5429,0.257176833,0.09
5430,0.251734402,0.09
5432,0.114307288,0.07
5433,0.233607153,0.09
5434,0.180449282,0.08
5435,0.322239047,0.1
5436,0.293822618,0.08
5437,0.518236441,0.08
5438,0.158244272,0.08
5439,0.28174591,0.1
5440,0.842056875,0.09
5441,0.133844471,0.09
5442,0.099921287,0.08
5443,0.128051263,0.1
5444,0.200972951,0.09
5446,0.198717152,0.08
5447,0.167728766,0.1
5448,0.293218006,0.08
5449,0.192407113,0.08
5450,0.538131647,0.08
5451,0.306798707,0.09
5452,0.290939276,0.07
5453,0.372246416,0.09
5454,0.2360448,0.1
5455,0.214957333,0.11
5456,0.50424685,0.03
5457,0.349012308,0.1
5458,0.31019512,0.11
5459,0.194536335,0.11
5460,0.179504295,0.09
5462,0.146536962,0.1
5463,0.155317039,0.11
5464,0.239733165,0.07
5465,0.127257843,0.1
5466,0.225068209,0.09
5467,0.07679519,0.08
5468,0.145091637,0.3
5469,0.363133402,0.09
5470,0.184725589,0.08
5471,0.32535063,0.08
5473,0.222695296,0.08
5476,0.1255595,0.1
5477,0.348428268,0.09
5479,0.52470764,0.09
5480,0.328446814,0.09
5481,0.349145235,0.08
5482,0.278260703,0.09
5484,0.450010413,0.09
5485,0.290054481,0.14
5486,0.077639039,0.07
5487,0.133544961,0.08
5488,0.267136795,0.08
5489,0.484864013,0.08
5490,0.223650723,0.08
5491,0.179362499,0.09
5492,0.06061011,0.1
5493,0.431854229,0.39
5495,0.142129633,0.11
5496,0.356901639,0.11
5497,0.079518455,0.08
5498,0.32107601,0.09
5499,0.39736998,0.09
5500,0.300042284,0.1
5501,0.446051149,0.1
5502,0.251551857,0.1
5503,0.071162069,0.08
5504,0.222527274,0.11
5505,0.23348797,0.09
5506,0.602327086,0.31
5507,0.192505754,0.12
5508,0.264134706,0.24
5510,0.131730607,0.09
5511,0.392769096,0.1
5512,0.166270394,0.1
5513,0.183686367,0.08
5515,0.29679093,0.11
5516,0.237563947,0.07
5517,0.21355578,0.12
5518,0.138082847,0.1
5520,0.203163157,0.07
5521,0.612500973,0.08
5522,0.272119027,0.1
5523,0.333214208,0.09
5524,0.302536713,0.1
5525,0.321418257,0.09
5526,0.293205271,0.1
5527,0.506871044,0.09
5528,0.1505164,0.11
5529,0.245811171,0.09
5530,0.479191161,0.02
5531,0.306842447,0.03
5537,0.43812636,0.09
5538,0.22318016,0.11
5540,0.237142421,0.11
5543,0.439874993,0.09
5544,0.096772445,0.09
5545,0.10084179,0.09
5546,0.096763366,0.09
5547,0.141115324,0.1
5548,0.200364414,0.09
5549,0.352902821,0.08
5551,0.404238447,0.09
5552,0.211069991,0.09
5554,0.269944416,0.08
5555,0.17599617,0.07
5556,0.082332202,0.07
5557,0.261478497,0.09
5558,0.171110882,0.09
5559,0.310677375,0.1
5561,0.0938466,0.08
5563,0.181444949,0.09
5565,0.354483126,0.1
5566,0.254941251,0.09
5567,0.075934669,0.11
5568,0.210789246,0.08
5570,0.245403538,0.1
5572,0.231851592,0.08
5573,0.107704545,0.07
5575,0.352784619,0.09
5576,0.355262962,0.07
5577,0.223402092,0.09
5578,0.150688573,0.08
5579,0.143787883,0.1
5580,0.117288581,0.1
5581,0.038376331,0.08
5582,0.20867212,0.09
5583,0.180003954,0.1
5584,0.168522759,0.08
5587,0.159202425,0.08
5588,0.609925958,0.08
5589,0.177907272,0.22
5590,0.2584876,0.09
5591,0.27537565,0.08
5592,0.159297936,0.09
5593,0.169086572,0.09
5594,0.232364173,0.08
5595,0.226669398,0.11
5596,0.134902356,0.09
5597,0.467954594,0.11
5598,0.240401205,0.09
5599,0.025824524,0.09
5601,0.329244732,0.08
5602,0.192336125,0.09
5603,0.18358345,0.09
5605,0.355217004,0.08
5606,0.070717551,0.1
5607,0.355683644,0.36
5608,0.209105305,0.11
5609,0.585204108,0.09
5610,0.225872363,0.08
5611,0.281240323,0.08
5612,0.246004064,0.11
5613,0.684946441,0.11
5614,0.357300298,0.09
5615,0.457741594,0.08
5616,0.1018071,0.1
5617,0.406399891,0.08
5618,0.038016021,0.09
5619,0.220902573,0.12
5620,0.193997643,0.11
5621,0.36516506,0.1
5622,0.223893469,0.11
5626,0.601159111,0.13
5627,0.203112418,0.1
5628,0.311241288,0.09
5630,0.22608463,0.09
5631,0.240677685,0.11
5632,0.1319495,0.1
5633,0.210313249,0.09
5634,0.223282165,0.09
5635,0.191044767,0.09
5636,0.938019655,0.09
5637,0.608953807,0.11
5638,0.454438304,0.09
5639,0.299336716,0.08
5642,0.15208155,0.1
5643,0.159839534,0.08
5644,0.156889115,0.11
5645,0.16955553,0.09
5646,0.179577439,0.21
5647,0.326487833,0.08
5648,0.256358621,0.09
5649,0.332977818,0.09
5650,0.274863053,0.08
5652,0.664089243,0.11
5653,0.266935704,0.09
5654,0.276260615,0.1
5655,0.238232025,0.09
5656,0.177544279,0.09
5657,0.111167518,0.1
5658,0.24156541,0.1
5659,0.129586056,0.07
5660,0.546277485,0.08
5661,0.229046706,0.1
5662,0.191595439,0.09
5663,0.129126544,0.08
5664,0.127173982,0.09
5665,0.406128651,0.08
5666,0.193452866,0.08
5667,0.062374151,0.09
5668,0.230812229,0.1
5669,0.231501876,0.1
5670,0.274009815,0.08
5672,0.219103665,0.09
5674,0.458427814,0.11
5675,0.080878827,0.14
5676,0.146597347,0.09
5678,0.586023606,0.1
5679,0.469448033,0.1
5680,0.13482712,0.17
5681,0.340492245,0.13
5682,0.352513349,0.09
5684,0.281363098,0.08
5685,0.370894825,0.09
5686,0.262947669,0.09
5687,0.225302471,0.16
5688,0.723132409,0.09
5689,0.16494759,0.08
5690,0.385636156,0.08
5691,0.242885057,0.09
5692,0.164232023,0.08
5694,0.278919023,0.08
5696,0.778872755,0.1
5697,0.35991517,0.26
5698,0.275262492,0.14
5701,0.227069728,0.11
5702,0.439056481,0.07
5703,0.265136552,0.09
5704,0.551460854,0.09
5705,0.321466971,0.11
5707,0.151971816,0.1
5709,0.452787965,0.11
5710,0.199465781,0.14
5712,0.292458362,0.2
5713,0.642651743,0.11
5714,0.230267676,0.11
5715,0.186397167,0.09
5716,0.174414,0.09
5717,0.418152017,0.09
5718,0.118653841,0.07
5719,0.386699071,0.08
5720,0.194800362,0.08
5721,0.136531377,0.08
5722,0.530026492,0.08
5725,0.291885917,0.09
5726,0.362191381,0.09
5727,0.14174254,0.1
5729,0.17896142,0.09
5730,0.066493753,0.08
5731,0.748031418,0.07
5732,0.136696311,0.09
5734,0.286781108,0.08
5735,0.261996487,0.08
5736,0.522546542,0.1
5738,0.265870293,0.09
5739,0.35488255,0.1
5740,0.397728424,0.12
5741,0.110377999,0.14
5742,0.16251038,0.09
5743,0.012895764,0.11
5746,0.152428728,0.08
5747,0.265630905,0.1
5748,0.217204238,0.08
5750,0.773784619,0.11
5751,0.26048509,0.08
5752,0.072836345,0.09
5753,0.951917417,0.08
5754,0.180499475,0.09
5755,0.231317394,0.09
5756,0.27314188,0.08
5757,0.246468792,0.08
5760,0.250384203,0.28
5762,0.232689863,0.09
5763,0.134759828,0.08
5764,0.458345986,0.09
5765,0.102546958,0.16
5766,0.240443101,0.09
5767,0.357114858,0.08
5768,0.325283756,0.08
5770,0.260694858,0.08
5771,0.300120169,0.08
5772,0.275819828,0.07
5773,0.062410555,0.08
5774,0.129818695,0.08
5775,0.199817856,0.28
5776,0.173252198,0.1
5779,0.20313181,0.08
5780,0.329184239,0.08
5781,0.104436768,0.07
5782,0.038091498,0.09
5783,0.202514469,0.09
5784,0.353282421,0.09
5785,0.200786349,0.07
5786,0.176197039,0.08
5787,0.111682558,0.1
5788,0.232340522,0.09
5789,0.123907301,0.09
5790,0.209661559,0.1
5791,0.422983842,0.22
5793,0.310284305,0.1
5795,0.155041984,0.09
5796,0.469552677,0.09
5797,0.149885126,0.1
5798,0.25914498,0.08
5799,0.593615592,0.1
5800,0.324931874,0.08
5801,0.221031755,0.08
5802,0.125749261,0.16
5803,0.243620069,0.11
5804,0.188514931,0.14
5805,0.244718158,0.13
5806,0.192909766,0.1
5807,0.186607398,0.09
5808,0.367882352,0.12
5809,0.151229763,0.09
5810,0.944116638,0.1
5811,0.171488575,0.09
5812,0.191926315,0.1
5813,0.2035696,0.08
5815,0.096408096,0.09
5816,0.155556167,0.09
5817,0.281326004,0.1
5818,0.253494868,0.08
5819,0.222599807,0.09
5820,0.338707292,0.09
5822,0.252004494,0.08
5823,0.143745618,0.09
5824,0.379803086,0.09
5825,0.132184195,0.09
5826,0.253654486,0.1
5827,0.273577305,0.09
5828,0.335429758,0.11
5829,0.300508259,0.08
5830,0.18557275,0.09
5831,0.215353001,0.1
5832,0.128440433,0.11
5834,0.252220242,0.09
5835,0.227958766,0.09
5837,0.316392635,0.11
5838,0.232957704,0.08
5839,0.56244282,0.11
5840,0.52377672,0.1
5841,0.164512289,0.09
5842,0.228676926,0.08
5843,0.244294995,0.08
5844,0.214593049,0.1
5846,0.176359703,0.09
5847,0.443949897,0.1
5848,0.14515039,0.1
5850,0.161522318,0.09
5851,0.253915097,0.07
5853,0.187893513,0.11
5854,0.148295984,0.07
5857,0.088103229,0.11
5859,0.199621561,0.09
5860,0.234367321,0.09
5861,0.441477762,0.09
5862,0.082177622,0.08
5863,0.325657893,0.08
5864,0.258661189,0.1
5865,0.204908005,0.03
5866,0.363011723,0.08
5867,0.325025171,0.08
5868,0.150089527,0.08
5869,0.223109789,0.08
5870,0.241370306,0.1
5871,0.207902783,0.1
5872,0.434704792,0.08
5873,0.281442364,0.08
5874,0.308818706,0.08
5875,0.188835623,0.14
5876,0.219991378,0.08
5877,0.110989788,0.1
5878,0.498969223,0.08
5879,0.666829058,0.09
5880,0.295600532,0.12
5881,0.476489611,0.09
5882,0.151934778,0.09
5883,0.213956388,0.09
5884,0.272066051,0.08
5885,0.133284833,0.1
5886,0.409619529,0.08
5887,0.182800142,0.09
5888,0.618575374,0.08
5889,0.265044328,0.08
5890,0.172524886,0.07
5891,0.163246062,0.09
5892,0.209901191,0.1
5893,0.282356006,0.07
5894,0.245167194,0.08
5896,0.215837668,0.1
5897,1.150149895,0.09
5898,0.676528302,0.07
5899,0.220039028,0.08
5900,0.292490065,0.09
5902,0.151191751,0.12
5903,0.186797095,0.23
5905,0.101858578,0.14
5906,0.292654437,0.09
5907,0.074082059,0.1
5908,0.267056064,0.09
5909,0.200747189,0.09
5910,0.198975855,0.11
5911,0.247999202,0.1
SMAPE,0.267777939,0.096142927
